2, 1, 1, 0, 0, 1, 0.836266666666667, 1
2, 2, 1, 0, 0, 1, 0.9068, 1
2, 3, 1, 0, 0, 1, 0.3228, 1
2, 4, 1, 0, 0, 1, 0.561333333333333, 1
2, 5, 1, 0, 0, 1, 0.449333333333333, 1
2, 6, 1, 0, 0, 1, 0.8168, 1
2, 7, 1, 0, 0, 1, 0.9696, 1
2, 8, 1, 0, 0, 1, 0.912666666666667, 1
2, 9, 1, 0, 0, 1, 0.0697333333333333, 1
2, 10, 1, 0, 0, 1, 0.563066666666667, 1
2, 11, 1, 0, 0, 1, 0.409333333333333, 1
2, 12, 1, 0, 0, 1, 0.194266666666667, 1
2, 13, 1, 0, 0, 1, 0.6104, 1
2, 14, 1, 0, 0, 1, 0.4668, 1
2, 15, 1, 0, 0, 1, 0.7828, 1
2, 16, 1, 0, 0, 1, 0.137333333333333, 1
2, 17, 1, 0, 0, 1, 0.759333333333333, 1
2, 18, 1, 0, 1, 0, 0.0333333333333333, 1
2, 19, 1, 0, 0, 1, 0.9744, 1
2, 20, 1, 0, 0, 1, 0.552133333333333, 1
2, 21, 1, 0, 0, 1, 0.3292, 1
2, 22, 1, 0, 0, 1, 0.2992, 1
2, 23, 1, 0, 1, 0, 0.0197333333333333, 1
2, 24, 1, 0, 0, 1, 0.798133333333333, 1
2, 25, 1, 0, 0, 1, 0.1676, 1
2, 26, 1, 0, 0, 1, 0.567466666666667, 1
2, 27, 1, 0, 0, 1, 0.535866666666667, 1
2, 28, 1, 0, 0, 1, 0.487333333333333, 1
2, 29, 1, 0, 0, 1, 0.8408, 1
2, 30, 1, 0, 0, 1, 0.196133333333333, 1
2, 31, 1, 0, 0, 1, 0.0838666666666667, 1
2, 32, 1, 0, 0, 1, 0.617733333333333, 1
2, 33, 1, 0, 0, 1, 0.722933333333333, 1
2, 34, 1, 0, 0, 1, 0.5224, 1
2, 35, 1, 0, 1, 0, 0.044, 1
2, 36, 1, 1, 0, 0, 0.9796, 1
2, 37, 1, 0, 0, 1, 0.0836, 1
2, 38, 1, 0, 0, 1, 0.206933333333333, 1
2, 39, 1, 0, 0, 1, 0.4704, 1
2, 40, 1, 0, 0, 1, 0.774933333333333, 1
2, 41, 1, 0, 0, 1, 0.840533333333333, 1
2, 42, 1, 0, 1, 0, 0.0406666666666667, 1
2, 43, 1, 0, 0, 1, 0.562666666666667, 1
2, 44, 1, 0, 0, 1, 0.117733333333333, 1
2, 45, 1, 0, 0, 1, 0.856, 1
2, 46, 1, 0, 0, 1, 0.329866666666667, 1
2, 47, 1, 0, 0, 1, 0.292533333333333, 1
2, 48, 1, 1, 0, 0, 0.992266666666667, 1
2, 49, 1, 0, 0, 1, 0.681333333333333, 1
2, 50, 1, 0, 0, 1, 0.837066666666667, 1
2, 51, 1, 0, 0, 1, 0.522933333333333, 1
2, 52, 1, 0, 0, 1, 0.299466666666667, 1
2, 53, 1, 0, 0, 1, 0.763733333333333, 1
2, 54, 1, 0, 0, 1, 0.8924, 1
2, 55, 1, 0, 0, 1, 0.779066666666667, 1
2, 56, 1, 0, 1, 0, 0.00146666666666667, 1
2, 57, 1, 0, 0, 1, 0.876933333333333, 1
2, 58, 1, 0, 0, 1, 0.258266666666667, 1
2, 59, 1, 0, 0, 1, 0.6784, 1
2, 60, 1, 0, 0, 1, 0.372133333333333, 1
2, 61, 1, 0, 0, 1, 0.561066666666667, 1
2, 62, 1, 0, 0, 1, 0.711466666666667, 1
2, 63, 1, 0, 0, 1, 0.375733333333333, 1
2, 64, 1, 0, 0, 1, 0.536266666666667, 1
2, 65, 1, 0, 0, 1, 0.8324, 1
2, 66, 1, 0, 0, 1, 0.6476, 1
2, 67, 1, 0, 0, 1, 0.351733333333333, 1
2, 68, 1, 0, 0, 1, 0.295333333333333, 1
2, 69, 1, 0, 0, 1, 0.4916, 1
2, 70, 1, 0, 0, 1, 0.366666666666667, 1
2, 71, 1, 0, 0, 1, 0.6868, 1
2, 72, 1, 0, 0, 1, 0.0861333333333333, 1
2, 73, 1, 0, 0, 1, 0.760133333333333, 1
2, 74, 1, 0, 0, 1, 0.7456, 1
2, 75, 1, 0, 0, 1, 0.920666666666667, 1
2, 76, 1, 0, 0, 1, 0.1612, 1
2, 77, 1, 0, 0, 1, 0.95, 1
2, 78, 1, 0, 0, 1, 0.846933333333333, 1
2, 79, 1, 0, 1, 0, 0.022, 1
2, 80, 1, 0, 0, 1, 0.1916, 1
2, 81, 1, 0, 0, 1, 0.7876, 1
2, 82, 1, 0, 0, 1, 0.614666666666667, 1
2, 83, 1, 0, 0, 1, 0.9712, 1
2, 84, 1, 0, 0, 1, 0.722933333333333, 1
2, 85, 1, 0, 0, 1, 0.108666666666667, 1
2, 86, 1, 0, 0, 1, 0.696533333333333, 1
2, 87, 1, 0, 0, 1, 0.534, 1
2, 88, 1, 0, 0, 1, 0.9552, 1
2, 89, 1, 0, 0, 1, 0.559733333333333, 1
2, 90, 1, 0, 0, 1, 0.197466666666667, 1
2, 91, 1, 0, 0, 1, 0.578933333333333, 1
2, 92, 1, 0, 0, 1, 0.966933333333333, 1
2, 93, 1, 0, 0, 1, 0.504666666666667, 1
2, 94, 1, 0, 0, 1, 0.391333333333333, 1
2, 95, 1, 0, 0, 1, 0.0604, 1
2, 96, 1, 0, 0, 1, 0.7372, 1
2, 97, 1, 0, 0, 1, 0.408, 1
2, 98, 1, 0, 0, 1, 0.880666666666667, 1
2, 99, 1, 0, 0, 1, 0.1816, 1
2, 100, 1, 0, 0, 1, 0.3888, 1
2, 101, 1, 1, 0, 0, 1, 1
2, 102, 1, 1, 0, 0, 1, 1
2, 103, 1, 1, 0, 0, 1, 1
2, 104, 1, 1, 0, 0, 0.989466666666667, 1
2, 105, 1, 1, 0, 0, 1, 1
2, 106, 1, 0, 0, 1, 0.930666666666667, 1
2, 107, 1, 1, 0, 0, 1, 1
2, 108, 1, 1, 0, 0, 0.994666666666667, 1
2, 109, 1, 1, 0, 0, 0.999733333333333, 1
2, 110, 1, 0, 0, 1, 0.971866666666667, 1
2, 111, 1, 1, 0, 0, 0.996133333333333, 1
2, 112, 1, 1, 0, 0, 0.998933333333333, 1
2, 113, 1, 1, 0, 0, 0.999733333333333, 1
2, 114, 1, 1, 0, 0, 0.997866666666667, 1
2, 115, 1, 1, 0, 0, 0.9956, 1
2, 116, 1, 1, 0, 0, 1, 1
2, 117, 1, 1, 0, 0, 1, 1
2, 118, 1, 1, 0, 0, 1, 1
2, 119, 1, 1, 0, 0, 0.998933333333333, 1
2, 120, 1, 1, 0, 0, 0.998, 1
2, 121, 1, 1, 0, 0, 1, 1
2, 122, 1, 1, 0, 0, 0.999866666666667, 1
2, 123, 1, 0, 0, 1, 0.9692, 1
2, 124, 1, 1, 0, 0, 1, 1
2, 125, 1, 1, 0, 0, 1, 1
2, 126, 1, 0, 0, 1, 0.968933333333333, 1
2, 127, 1, 1, 0, 0, 0.999333333333333, 1
2, 128, 1, 1, 0, 0, 0.999733333333333, 1
2, 129, 1, 1, 0, 0, 1, 1
2, 130, 1, 1, 0, 0, 0.980266666666667, 1
2, 131, 1, 1, 0, 0, 0.9824, 1
2, 132, 1, 1, 0, 0, 1, 1
2, 133, 1, 1, 0, 0, 0.990533333333333, 1
2, 134, 1, 1, 0, 0, 0.9992, 1
2, 135, 1, 1, 0, 0, 0.998533333333333, 1
2, 136, 1, 0, 0, 1, 0.961866666666667, 1
2, 137, 1, 1, 0, 0, 1, 1
2, 138, 1, 1, 0, 0, 1, 1
2, 139, 1, 1, 0, 0, 0.994933333333333, 1
2, 140, 1, 1, 0, 0, 0.981733333333333, 1
2, 141, 1, 1, 0, 0, 1, 1
2, 142, 1, 1, 0, 0, 0.999333333333333, 1
2, 143, 1, 1, 0, 0, 1, 1
2, 144, 1, 1, 0, 0, 1, 1
2, 145, 1, 1, 0, 0, 0.999466666666667, 1
2, 146, 1, 0, 0, 1, 0.954666666666667, 1
2, 147, 1, 1, 0, 0, 0.992133333333333, 1
2, 148, 1, 1, 0, 0, 0.9992, 1
2, 149, 1, 1, 0, 0, 0.9932, 1
2, 150, 1, 1, 0, 0, 0.9988, 1
2, 151, 1, 0, 0, 1, 0.9384, 1
2, 152, 1, 1, 0, 0, 0.997466666666667, 1
2, 153, 1, 1, 0, 0, 1, 1
2, 154, 1, 1, 0, 0, 0.999066666666667, 1
2, 155, 1, 1, 0, 0, 0.998933333333333, 1
2, 156, 1, 1, 0, 0, 0.9996, 1
2, 157, 1, 1, 0, 0, 1, 1
2, 158, 1, 1, 0, 0, 0.9752, 1
2, 159, 1, 1, 0, 0, 1, 1
2, 160, 1, 0, 0, 1, 0.741066666666667, 1
2, 161, 1, 1, 0, 0, 0.992666666666667, 1
2, 162, 1, 1, 0, 0, 0.999733333333333, 1
2, 163, 1, 1, 0, 0, 1, 1
2, 164, 1, 1, 0, 0, 0.998266666666667, 1
2, 165, 1, 1, 0, 0, 0.999466666666667, 1
2, 166, 1, 1, 0, 0, 0.999866666666667, 1
2, 167, 1, 1, 0, 0, 1, 1
2, 168, 1, 1, 0, 0, 0.985866666666667, 1
2, 169, 1, 1, 0, 0, 1, 1
2, 170, 1, 1, 0, 0, 1, 1
2, 171, 1, 1, 0, 0, 0.999866666666667, 1
2, 172, 1, 1, 0, 0, 0.996666666666667, 1
2, 173, 1, 0, 0, 1, 0.9012, 1
2, 174, 1, 1, 0, 0, 0.997466666666667, 1
2, 175, 1, 1, 0, 0, 0.9996, 1
2, 176, 1, 1, 0, 0, 1, 1
2, 177, 1, 1, 0, 0, 1, 1
2, 178, 1, 1, 0, 0, 0.996266666666667, 1
2, 179, 1, 1, 0, 0, 1, 1
2, 180, 1, 1, 0, 0, 0.9976, 1
2, 181, 1, 1, 0, 0, 0.999866666666667, 1
2, 182, 1, 1, 0, 0, 0.999866666666667, 1
2, 183, 1, 1, 0, 0, 0.979066666666667, 1
2, 184, 1, 1, 0, 0, 1, 1
2, 185, 1, 1, 0, 0, 0.991866666666667, 1
2, 186, 1, 0, 0, 1, 0.970533333333333, 1
2, 187, 1, 1, 0, 0, 0.9992, 1
2, 188, 1, 1, 0, 0, 0.999466666666667, 1
2, 189, 1, 1, 0, 0, 0.992133333333333, 1
2, 190, 1, 1, 0, 0, 0.998933333333333, 1
2, 191, 1, 1, 0, 0, 0.988933333333333, 1
2, 192, 1, 1, 0, 0, 0.989066666666667, 1
2, 193, 1, 0, 0, 1, 0.889333333333333, 1
2, 194, 1, 1, 0, 0, 0.988, 1
2, 195, 1, 1, 0, 0, 1, 1
2, 196, 1, 1, 0, 0, 0.976, 1
2, 197, 1, 1, 0, 0, 1, 1
2, 198, 1, 1, 0, 0, 0.999866666666667, 1
2, 199, 1, 1, 0, 0, 1, 1
2, 200, 1, 1, 0, 0, 0.993466666666667, 1
2, 201, 1, 1, 0, 0, 0.996266666666667, 1
2, 202, 1, 0, 0, 1, 0.956133333333333, 1
2, 203, 1, 1, 0, 0, 0.999733333333333, 1
2, 204, 1, 1, 0, 0, 0.999866666666667, 1
2, 205, 1, 1, 0, 0, 0.9988, 1
2, 206, 1, 1, 0, 0, 0.9992, 1
2, 207, 1, 1, 0, 0, 0.999733333333333, 1
2, 208, 1, 1, 0, 0, 1, 1
2, 209, 1, 1, 0, 0, 0.999866666666667, 1
2, 210, 1, 0, 0, 1, 0.956, 1
2, 211, 1, 1, 0, 0, 1, 1
2, 212, 1, 1, 0, 0, 0.9824, 1
2, 213, 1, 1, 0, 0, 1, 1
2, 214, 1, 1, 0, 0, 1, 1
2, 215, 1, 1, 0, 0, 0.996, 1
2, 216, 1, 1, 0, 0, 1, 1
2, 217, 1, 1, 0, 0, 0.995866666666667, 1
2, 218, 1, 1, 0, 0, 1, 1
2, 219, 1, 1, 0, 0, 0.999733333333333, 1
2, 220, 1, 1, 0, 0, 0.999733333333333, 1
2, 221, 1, 1, 0, 0, 0.999866666666667, 1
2, 222, 1, 1, 0, 0, 0.997733333333333, 1
2, 223, 1, 1, 0, 0, 0.999866666666667, 1
2, 224, 1, 1, 0, 0, 1, 1
2, 225, 1, 1, 0, 0, 1, 1
2, 226, 1, 1, 0, 0, 0.999733333333333, 1
2, 227, 1, 1, 0, 0, 0.999333333333333, 1
2, 228, 1, 1, 0, 0, 1, 1
2, 229, 1, 1, 0, 0, 0.9752, 1
2, 230, 1, 1, 0, 0, 0.990266666666667, 1
2, 231, 1, 1, 0, 0, 0.999333333333333, 1
2, 232, 1, 1, 0, 0, 0.9996, 1
2, 233, 1, 1, 0, 0, 0.9996, 1
2, 234, 1, 1, 0, 0, 0.992933333333333, 1
2, 235, 1, 0, 0, 1, 0.830933333333333, 1
2, 236, 1, 1, 0, 0, 1, 1
2, 237, 1, 1, 0, 0, 0.994133333333333, 1
2, 238, 1, 1, 0, 0, 0.9976, 1
2, 239, 1, 1, 0, 0, 0.990933333333333, 1
2, 240, 1, 1, 0, 0, 1, 1
2, 241, 1, 1, 0, 0, 0.999333333333333, 1
2, 242, 1, 1, 0, 0, 0.997866666666667, 1
2, 243, 1, 1, 0, 0, 0.9996, 1
2, 244, 1, 1, 0, 0, 1, 1
2, 245, 1, 1, 0, 0, 0.975466666666667, 1
2, 246, 1, 1, 0, 0, 1, 1
2, 247, 1, 1, 0, 0, 0.9976, 1
2, 248, 1, 1, 0, 0, 0.9956, 1
2, 249, 1, 1, 0, 0, 0.998933333333333, 1
2, 250, 1, 1, 0, 0, 1, 1
2, 251, 1, 1, 0, 0, 0.9952, 1
2, 252, 1, 1, 0, 0, 1, 1
2, 253, 1, 1, 0, 0, 0.999733333333333, 1
2, 254, 1, 1, 0, 0, 1, 1
2, 255, 1, 1, 0, 0, 0.989866666666667, 1
2, 256, 1, 1, 0, 0, 0.9992, 1
2, 257, 1, 1, 0, 0, 0.999733333333333, 1
2, 258, 1, 1, 0, 0, 1, 1
2, 259, 1, 1, 0, 0, 0.999866666666667, 1
2, 260, 1, 1, 0, 0, 0.998666666666667, 1
2, 261, 1, 1, 0, 0, 0.9908, 1
2, 262, 1, 1, 0, 0, 0.9812, 1
2, 263, 1, 1, 0, 0, 0.999733333333333, 1
2, 264, 1, 0, 0, 1, 0.955733333333333, 1
2, 265, 1, 1, 0, 0, 0.9972, 1
2, 266, 1, 1, 0, 0, 1, 1
2, 267, 1, 1, 0, 0, 0.999866666666667, 1
2, 268, 1, 1, 0, 0, 0.999733333333333, 1
2, 269, 1, 0, 0, 1, 0.946933333333333, 1
2, 270, 1, 1, 0, 0, 0.997733333333333, 1
2, 271, 1, 1, 0, 0, 0.999466666666667, 1
2, 272, 1, 1, 0, 0, 0.999733333333333, 1
2, 273, 1, 0, 0, 1, 0.943866666666667, 1
2, 274, 1, 1, 0, 0, 0.9996, 1
2, 275, 1, 0, 0, 1, 0.9744, 1
2, 276, 1, 1, 0, 0, 0.980133333333333, 1
2, 277, 1, 1, 0, 0, 0.999333333333333, 1
2, 278, 1, 0, 0, 1, 0.972533333333333, 1
2, 279, 1, 0, 0, 1, 0.877733333333333, 1
2, 280, 1, 1, 0, 0, 0.999866666666667, 1
2, 281, 1, 1, 0, 0, 0.9996, 1
2, 282, 1, 1, 0, 0, 0.999733333333333, 1
2, 283, 1, 1, 0, 0, 0.998133333333333, 1
2, 284, 1, 1, 0, 0, 0.999333333333333, 1
2, 285, 1, 1, 0, 0, 0.999733333333333, 1
2, 286, 1, 1, 0, 0, 0.999466666666667, 1
2, 287, 1, 1, 0, 0, 1, 1
2, 288, 1, 1, 0, 0, 1, 1
2, 289, 1, 1, 0, 0, 1, 1
2, 290, 1, 1, 0, 0, 0.999333333333333, 1
2, 291, 1, 1, 0, 0, 0.997333333333333, 1
2, 292, 1, 1, 0, 0, 1, 1
2, 293, 1, 1, 0, 0, 0.999866666666667, 1
2, 294, 1, 1, 0, 0, 1, 1
2, 295, 1, 1, 0, 0, 1, 1
2, 296, 1, 1, 0, 0, 0.999866666666667, 1
2, 297, 1, 1, 0, 0, 1, 1
2, 298, 1, 1, 0, 0, 0.993066666666667, 1
2, 299, 1, 1, 0, 0, 0.999866666666667, 1
2, 300, 1, 1, 0, 0, 1, 1
2, 301, 1, 0, 0, 1, 0.941466666666667, 1
2, 302, 1, 0, 0, 1, 0.405866666666667, 1
2, 303, 1, 0, 0, 1, 0.965466666666667, 1
2, 304, 1, 0, 0, 1, 0.587733333333333, 1
2, 305, 1, 0, 0, 1, 0.838933333333333, 1
2, 306, 1, 1, 0, 0, 0.989333333333333, 1
2, 307, 1, 0, 0, 1, 0.9284, 1
2, 308, 1, 0, 0, 1, 0.732266666666667, 1
2, 309, 1, 0, 0, 1, 0.561066666666667, 1
2, 310, 1, 0, 0, 1, 0.913866666666667, 1
2, 311, 1, 0, 0, 1, 0.8312, 1
2, 312, 1, 0, 0, 1, 0.910533333333333, 1
2, 313, 1, 0, 0, 1, 0.852533333333333, 1
2, 314, 1, 0, 0, 1, 0.774933333333333, 1
2, 315, 1, 0, 0, 1, 0.676266666666667, 1
2, 316, 1, 1, 0, 0, 0.9756, 1
2, 317, 1, 0, 0, 1, 0.855066666666667, 1
2, 318, 1, 0, 0, 1, 0.829333333333333, 1
2, 319, 1, 0, 0, 1, 0.686266666666667, 1
2, 320, 1, 0, 0, 1, 0.873733333333333, 1
2, 321, 1, 0, 0, 1, 0.956533333333333, 1
2, 322, 1, 0, 0, 1, 0.972266666666667, 1
2, 323, 1, 0, 0, 1, 0.768, 1
2, 324, 1, 0, 0, 1, 0.514666666666667, 1
2, 325, 1, 1, 0, 0, 0.997866666666667, 1
2, 326, 1, 0, 0, 1, 0.649866666666667, 1
2, 327, 1, 0, 0, 1, 0.955066666666667, 1
2, 328, 1, 0, 0, 1, 0.9472, 1
2, 329, 1, 0, 0, 1, 0.469733333333333, 1
2, 330, 1, 0, 0, 1, 0.783466666666667, 1
2, 331, 1, 0, 0, 1, 0.677866666666667, 1
2, 332, 1, 0, 0, 1, 0.836133333333333, 1
2, 333, 1, 0, 0, 1, 0.968533333333333, 1
2, 334, 1, 0, 0, 1, 0.932666666666667, 1
2, 335, 1, 0, 0, 1, 0.890533333333333, 1
2, 336, 1, 0, 0, 1, 0.753066666666667, 1
2, 337, 1, 1, 0, 0, 0.978666666666667, 1
2, 338, 1, 0, 0, 1, 0.950266666666667, 1
2, 339, 1, 0, 0, 1, 0.894933333333333, 1
2, 340, 1, 0, 0, 1, 0.909866666666667, 1
2, 341, 1, 0, 0, 1, 0.953466666666667, 1
2, 342, 1, 1, 0, 0, 0.979866666666667, 1
2, 343, 1, 1, 0, 0, 0.986, 1
2, 344, 1, 1, 0, 0, 0.980133333333333, 1
2, 345, 1, 0, 0, 1, 0.9596, 1
2, 346, 1, 0, 0, 1, 0.9448, 1
2, 347, 1, 0, 0, 1, 0.304266666666667, 1
2, 348, 1, 0, 0, 1, 0.935733333333333, 1
2, 349, 1, 1, 0, 0, 0.996533333333333, 1
2, 350, 1, 0, 0, 1, 0.8664, 1
2, 351, 1, 0, 0, 1, 0.957466666666667, 1
2, 352, 1, 0, 0, 1, 0.7564, 1
2, 353, 1, 0, 0, 1, 0.919066666666667, 1
2, 354, 1, 0, 0, 1, 0.587466666666667, 1
2, 355, 1, 1, 0, 0, 0.9996, 1
2, 356, 1, 0, 0, 1, 0.783866666666667, 1
2, 357, 1, 0, 0, 1, 0.382266666666667, 1
2, 358, 1, 0, 0, 1, 0.770933333333333, 1
2, 359, 1, 0, 0, 1, 0.617066666666667, 1
2, 360, 1, 1, 0, 0, 0.999866666666667, 1
2, 361, 1, 1, 0, 0, 0.984666666666667, 1
2, 362, 1, 0, 0, 1, 0.615333333333333, 1
2, 363, 1, 0, 0, 1, 0.921866666666667, 1
2, 364, 1, 0, 0, 1, 0.9012, 1
2, 365, 1, 1, 0, 0, 0.995733333333333, 1
2, 366, 1, 0, 0, 1, 0.9744, 1
2, 367, 1, 1, 0, 0, 0.999466666666667, 1
2, 368, 1, 0, 0, 1, 0.864933333333333, 1
2, 369, 1, 0, 0, 1, 0.928933333333333, 1
2, 370, 1, 0, 0, 1, 0.9436, 1
2, 371, 1, 0, 0, 1, 0.410666666666667, 1
2, 372, 1, 1, 0, 0, 0.9912, 1
2, 373, 1, 0, 0, 1, 0.610266666666667, 1
2, 374, 1, 0, 0, 1, 0.922666666666667, 1
2, 375, 1, 0, 0, 1, 0.964533333333333, 1
2, 376, 1, 0, 0, 1, 0.9244, 1
2, 377, 1, 0, 0, 1, 0.725866666666667, 1
2, 378, 1, 0, 0, 1, 0.966933333333333, 1
2, 379, 1, 0, 0, 1, 0.9008, 1
2, 380, 1, 0, 0, 1, 0.940533333333333, 1
2, 381, 1, 0, 0, 1, 0.769866666666667, 1
2, 382, 1, 1, 0, 0, 0.9964, 1
2, 383, 1, 0, 0, 1, 0.729866666666667, 1
2, 384, 1, 0, 0, 1, 0.770666666666667, 1
2, 385, 1, 0, 0, 1, 0.536266666666667, 1
2, 386, 1, 0, 0, 1, 0.8544, 1
2, 387, 1, 0, 0, 1, 0.680666666666667, 1
2, 388, 1, 0, 0, 1, 0.954133333333333, 1
2, 389, 1, 0, 0, 1, 0.858266666666667, 1
2, 390, 1, 0, 0, 1, 0.234533333333333, 1
2, 391, 1, 1, 0, 0, 0.9984, 1
2, 392, 1, 0, 0, 1, 0.455333333333333, 1
2, 393, 1, 0, 0, 1, 0.887733333333333, 1
2, 394, 1, 1, 0, 0, 0.979866666666667, 1
2, 395, 1, 0, 0, 1, 0.958533333333333, 1
2, 396, 1, 0, 0, 1, 0.673466666666667, 1
2, 397, 1, 0, 0, 1, 0.961866666666667, 1
2, 398, 1, 0, 0, 1, 0.8552, 1
2, 399, 1, 0, 0, 1, 0.789066666666667, 1
2, 400, 1, 0, 0, 1, 0.852933333333333, 1
2, 401, 1, 0, 0, 1, 0.5456, 1
2, 402, 1, 0, 0, 1, 0.1744, 1
2, 403, 1, 0, 0, 1, 0.862133333333333, 1
2, 404, 1, 0, 0, 1, 0.6104, 1
2, 405, 1, 0, 0, 1, 0.902666666666667, 1
2, 406, 1, 0, 0, 1, 0.418933333333333, 1
2, 407, 1, 0, 0, 1, 0.2276, 1
2, 408, 1, 0, 0, 1, 0.543866666666667, 1
2, 409, 1, 0, 0, 1, 0.533333333333333, 1
2, 410, 1, 0, 0, 1, 0.383733333333333, 1
2, 411, 1, 0, 0, 1, 0.4548, 1
2, 412, 1, 0, 0, 1, 0.3552, 1
2, 413, 1, 0, 0, 1, 0.113733333333333, 1
2, 414, 1, 0, 1, 0, 0.0236, 1
2, 415, 1, 0, 0, 1, 0.599333333333333, 1
2, 416, 1, 0, 1, 0, 0.0265333333333333, 1
2, 417, 1, 0, 0, 1, 0.693466666666667, 1
2, 418, 1, 0, 0, 1, 0.1044, 1
2, 419, 1, 0, 0, 1, 0.0646666666666667, 1
2, 420, 1, 0, 0, 1, 0.343866666666667, 1
2, 421, 1, 0, 0, 1, 0.910933333333333, 1
2, 422, 1, 0, 0, 1, 0.500266666666667, 1
2, 423, 1, 0, 0, 1, 0.801866666666667, 1
2, 424, 1, 0, 0, 1, 0.895466666666667, 1
2, 425, 1, 1, 0, 0, 0.99, 1
2, 426, 1, 0, 0, 1, 0.7512, 1
2, 427, 1, 0, 0, 1, 0.8848, 1
2, 428, 1, 0, 0, 1, 0.537066666666667, 1
2, 429, 1, 0, 0, 1, 0.562, 1
2, 430, 1, 0, 0, 1, 0.904533333333333, 1
2, 431, 1, 0, 1, 0, 0.0028, 1
2, 432, 1, 0, 0, 1, 0.640533333333333, 1
2, 433, 1, 0, 0, 1, 0.8364, 1
2, 434, 1, 0, 0, 1, 0.708666666666667, 1
2, 435, 1, 0, 0, 1, 0.936266666666667, 1
2, 436, 1, 0, 0, 1, 0.8748, 1
2, 437, 1, 0, 0, 1, 0.5172, 1
2, 438, 1, 0, 0, 1, 0.316533333333333, 1
2, 439, 1, 0, 0, 1, 0.551466666666667, 1
2, 440, 1, 0, 0, 1, 0.469066666666667, 1
2, 441, 1, 0, 0, 1, 0.9064, 1
2, 442, 1, 0, 0, 1, 0.5964, 1
2, 443, 1, 0, 0, 1, 0.712133333333333, 1
2, 444, 1, 0, 0, 1, 0.1072, 1
2, 445, 1, 0, 0, 1, 0.9412, 1
2, 446, 1, 0, 0, 1, 0.26, 1
2, 447, 1, 0, 0, 1, 0.0998666666666667, 1
2, 448, 1, 0, 0, 1, 0.716, 1
2, 449, 1, 0, 0, 1, 0.942533333333333, 1
2, 450, 1, 0, 1, 0, 0.00146666666666667, 1
2, 451, 1, 0, 0, 1, 0.437333333333333, 1
2, 452, 1, 0, 0, 1, 0.7216, 1
2, 453, 1, 0, 0, 1, 0.337333333333333, 1
2, 454, 1, 0, 0, 1, 0.260133333333333, 1
2, 455, 1, 0, 0, 1, 0.781466666666667, 1
2, 456, 1, 0, 0, 1, 0.7832, 1
2, 457, 1, 0, 0, 1, 0.693733333333333, 1
2, 458, 1, 0, 0, 1, 0.185733333333333, 1
2, 459, 1, 0, 0, 1, 0.354266666666667, 1
2, 460, 1, 0, 0, 1, 0.472933333333333, 1
2, 461, 1, 0, 0, 1, 0.4068, 1
2, 462, 1, 0, 0, 1, 0.299866666666667, 1
2, 463, 1, 0, 0, 1, 0.307866666666667, 1
2, 464, 1, 0, 0, 1, 0.778933333333333, 1
2, 465, 1, 0, 0, 1, 0.17, 1
2, 466, 1, 0, 0, 1, 0.893733333333333, 1
2, 467, 1, 0, 0, 1, 0.312, 1
2, 468, 1, 0, 0, 1, 0.201866666666667, 1
2, 469, 1, 0, 1, 0, 0.000133333333333333, 1
2, 470, 1, 0, 0, 1, 0.194133333333333, 1
2, 471, 1, 0, 0, 1, 0.711066666666667, 1
2, 472, 1, 0, 0, 1, 0.5684, 1
2, 473, 1, 0, 0, 1, 0.3044, 1
2, 474, 1, 0, 0, 1, 0.6968, 1
2, 475, 1, 0, 0, 1, 0.7324, 1
2, 476, 1, 0, 0, 1, 0.495066666666667, 1
2, 477, 1, 0, 0, 1, 0.633733333333333, 1
2, 478, 1, 0, 0, 1, 0.465466666666667, 1
2, 479, 1, 0, 0, 1, 0.191866666666667, 1
2, 480, 1, 0, 0, 1, 0.189866666666667, 1
2, 481, 1, 0, 0, 1, 0.4452, 1
2, 482, 1, 0, 0, 1, 0.454933333333333, 1
2, 483, 1, 0, 0, 1, 0.228533333333333, 1
2, 484, 1, 0, 0, 1, 0.9144, 1
2, 485, 1, 0, 0, 1, 0.9244, 1
2, 486, 1, 0, 0, 1, 0.900666666666667, 1
2, 487, 1, 0, 0, 1, 0.676533333333333, 1
2, 488, 1, 1, 0, 0, 0.991333333333333, 1
2, 489, 1, 0, 0, 1, 0.9484, 1
2, 490, 1, 0, 0, 1, 0.416, 1
2, 491, 1, 0, 0, 1, 0.473333333333333, 1
2, 492, 1, 0, 0, 1, 0.700933333333333, 1
2, 493, 1, 0, 0, 1, 0.780133333333333, 1
2, 494, 1, 0, 0, 1, 0.347066666666667, 1
2, 495, 1, 0, 0, 1, 0.6436, 1
2, 496, 1, 0, 0, 1, 0.145866666666667, 1
2, 497, 1, 0, 0, 1, 0.477333333333333, 1
2, 498, 1, 0, 0, 1, 0.364933333333333, 1
2, 499, 1, 0, 0, 1, 0.434266666666667, 1
2, 500, 1, 0, 0, 1, 0.349466666666667, 1
2, 501, 1, 1, 0, 0, 1, 1
2, 502, 1, 1, 0, 0, 1, 1
2, 503, 1, 1, 0, 0, 1, 1
2, 504, 1, 1, 0, 0, 0.998666666666667, 1
2, 505, 1, 1, 0, 0, 0.999333333333333, 1
2, 506, 1, 1, 0, 0, 1, 1
2, 507, 1, 1, 0, 0, 1, 1
2, 508, 1, 1, 0, 0, 1, 1
2, 509, 1, 0, 0, 1, 0.9408, 1
2, 510, 1, 1, 0, 0, 0.9968, 1
2, 511, 1, 1, 0, 0, 0.998266666666667, 1
2, 512, 1, 1, 0, 0, 1, 1
2, 513, 1, 1, 0, 0, 0.998533333333333, 1
2, 514, 1, 1, 0, 0, 1, 1
2, 515, 1, 1, 0, 0, 1, 1
2, 516, 1, 1, 0, 0, 1, 1
2, 517, 1, 1, 0, 0, 1, 1
2, 518, 1, 1, 0, 0, 1, 1
2, 519, 1, 1, 0, 0, 0.999733333333333, 1
2, 520, 1, 1, 0, 0, 0.999866666666667, 1
2, 521, 1, 1, 0, 0, 1, 1
2, 522, 1, 1, 0, 0, 0.999466666666667, 1
2, 523, 1, 1, 0, 0, 1, 1
2, 524, 1, 1, 0, 0, 0.992666666666667, 1
2, 525, 1, 1, 0, 0, 0.999733333333333, 1
2, 526, 1, 1, 0, 0, 1, 1
2, 527, 1, 1, 0, 0, 0.999866666666667, 1
2, 528, 1, 1, 0, 0, 1, 1
2, 529, 1, 1, 0, 0, 0.999733333333333, 1
2, 530, 1, 1, 0, 0, 0.999866666666667, 1
2, 531, 1, 1, 0, 0, 0.997333333333333, 1
2, 532, 1, 1, 0, 0, 0.9936, 1
2, 533, 1, 1, 0, 0, 1, 1
2, 534, 1, 1, 0, 0, 0.9788, 1
2, 535, 1, 1, 0, 0, 0.999866666666667, 1
2, 536, 1, 0, 0, 1, 0.916266666666667, 1
2, 537, 1, 1, 0, 0, 1, 1
2, 538, 1, 1, 0, 0, 0.999866666666667, 1
2, 539, 1, 1, 0, 0, 1, 1
2, 540, 1, 1, 0, 0, 0.9976, 1
2, 541, 1, 1, 0, 0, 1, 1
2, 542, 1, 1, 0, 0, 1, 1
2, 543, 1, 1, 0, 0, 1, 1
2, 544, 1, 1, 0, 0, 0.988933333333333, 1
2, 545, 1, 1, 0, 0, 0.999866666666667, 1
2, 546, 1, 1, 0, 0, 1, 1
2, 547, 1, 1, 0, 0, 1, 1
2, 548, 1, 1, 0, 0, 1, 1
2, 549, 1, 1, 0, 0, 1, 1
2, 550, 1, 1, 0, 0, 1, 1
2, 551, 1, 1, 0, 0, 0.999466666666667, 1
2, 552, 1, 1, 0, 0, 1, 1
2, 553, 1, 1, 0, 0, 0.982933333333333, 1
2, 554, 1, 1, 0, 0, 0.9992, 1
2, 555, 1, 1, 0, 0, 0.997066666666667, 1
2, 556, 1, 1, 0, 0, 1, 1
2, 557, 1, 1, 0, 0, 1, 1
2, 558, 1, 0, 0, 1, 0.972666666666667, 1
2, 559, 1, 1, 0, 0, 1, 1
2, 560, 1, 1, 0, 0, 1, 1
2, 561, 1, 1, 0, 0, 1, 1
2, 562, 1, 1, 0, 0, 1, 1
2, 563, 1, 1, 0, 0, 0.998266666666667, 1
2, 564, 1, 1, 0, 0, 1, 1
2, 565, 1, 1, 0, 0, 0.993066666666667, 1
2, 566, 1, 0, 0, 1, 0.923733333333333, 1
2, 567, 1, 1, 0, 0, 0.998933333333333, 1
2, 568, 1, 1, 0, 0, 1, 1
2, 569, 1, 1, 0, 0, 0.9948, 1
2, 570, 1, 1, 0, 0, 1, 1
2, 571, 1, 1, 0, 0, 1, 1
2, 572, 1, 1, 0, 0, 0.999066666666667, 1
2, 573, 1, 1, 0, 0, 0.998266666666667, 1
2, 574, 1, 1, 0, 0, 0.999333333333333, 1
2, 575, 1, 1, 0, 0, 0.999466666666667, 1
2, 576, 1, 1, 0, 0, 1, 1
2, 577, 1, 1, 0, 0, 0.9956, 1
2, 578, 1, 1, 0, 0, 0.9996, 1
2, 579, 1, 1, 0, 0, 1, 1
2, 580, 1, 0, 0, 1, 0.974533333333333, 1
2, 581, 1, 1, 0, 0, 0.9952, 1
2, 582, 1, 1, 0, 0, 0.9896, 1
2, 583, 1, 1, 0, 0, 0.995733333333333, 1
2, 584, 1, 1, 0, 0, 0.990933333333333, 1
2, 585, 1, 1, 0, 0, 1, 1
2, 586, 1, 1, 0, 0, 1, 1
2, 587, 1, 1, 0, 0, 0.999733333333333, 1
2, 588, 1, 1, 0, 0, 1, 1
2, 589, 1, 1, 0, 0, 0.998266666666667, 1
2, 590, 1, 1, 0, 0, 0.999866666666667, 1
2, 591, 1, 0, 0, 1, 0.966666666666667, 1
2, 592, 1, 1, 0, 0, 0.990533333333333, 1
2, 593, 1, 1, 0, 0, 0.999333333333333, 1
2, 594, 1, 1, 0, 0, 1, 1
2, 595, 1, 1, 0, 0, 0.999866666666667, 1
2, 596, 1, 1, 0, 0, 1, 1
2, 597, 1, 1, 0, 0, 1, 1
2, 598, 1, 1, 0, 0, 0.999866666666667, 1
2, 599, 1, 1, 0, 0, 1, 1
2, 600, 1, 1, 0, 0, 1, 1
2, 601, 1, 1, 0, 0, 1, 1
2, 602, 1, 1, 0, 0, 0.992666666666667, 1
2, 603, 1, 1, 0, 0, 1, 1
2, 604, 1, 0, 0, 1, 0.936133333333333, 1
2, 605, 1, 1, 0, 0, 0.999866666666667, 1
2, 606, 1, 1, 0, 0, 1, 1
2, 607, 1, 1, 0, 0, 0.997866666666667, 1
2, 608, 1, 1, 0, 0, 1, 1
2, 609, 1, 1, 0, 0, 1, 1
2, 610, 1, 1, 0, 0, 1, 1
2, 611, 1, 0, 0, 1, 0.8856, 1
2, 612, 1, 0, 0, 1, 0.9564, 1
2, 613, 1, 1, 0, 0, 0.998933333333333, 1
2, 614, 1, 1, 0, 0, 1, 1
2, 615, 1, 1, 0, 0, 0.999733333333333, 1
2, 616, 1, 1, 0, 0, 1, 1
2, 617, 1, 1, 0, 0, 1, 1
2, 618, 1, 1, 0, 0, 0.982933333333333, 1
2, 619, 1, 1, 0, 0, 0.993333333333333, 1
2, 620, 1, 1, 0, 0, 1, 1
2, 621, 1, 1, 0, 0, 0.994933333333333, 1
2, 622, 1, 1, 0, 0, 1, 1
2, 623, 1, 1, 0, 0, 0.992266666666667, 1
2, 624, 1, 1, 0, 0, 0.995333333333333, 1
2, 625, 1, 1, 0, 0, 1, 1
2, 626, 1, 1, 0, 0, 1, 1
2, 627, 1, 0, 0, 1, 0.973866666666667, 1
2, 628, 1, 1, 0, 0, 0.999866666666667, 1
2, 629, 1, 1, 0, 0, 1, 1
2, 630, 1, 1, 0, 0, 1, 1
2, 631, 1, 1, 0, 0, 0.999333333333333, 1
2, 632, 1, 1, 0, 0, 0.999733333333333, 1
2, 633, 1, 1, 0, 0, 1, 1
2, 634, 1, 1, 0, 0, 1, 1
2, 635, 1, 1, 0, 0, 0.992266666666667, 1
2, 636, 1, 1, 0, 0, 0.999733333333333, 1
2, 637, 1, 1, 0, 0, 0.9996, 1
2, 638, 1, 1, 0, 0, 0.982933333333333, 1
2, 639, 1, 1, 0, 0, 0.995466666666667, 1
2, 640, 1, 1, 0, 0, 0.999733333333333, 1
2, 641, 1, 1, 0, 0, 0.9992, 1
2, 642, 1, 0, 0, 1, 0.9712, 1
2, 643, 1, 1, 0, 0, 1, 1
2, 644, 1, 1, 0, 0, 0.9888, 1
2, 645, 1, 1, 0, 0, 1, 1
2, 646, 1, 1, 0, 0, 0.9984, 1
2, 647, 1, 1, 0, 0, 0.986, 1
2, 648, 1, 1, 0, 0, 0.999866666666667, 1
2, 649, 1, 1, 0, 0, 0.986933333333333, 1
2, 650, 1, 1, 0, 0, 0.999866666666667, 1
2, 651, 1, 1, 0, 0, 1, 1
2, 652, 1, 1, 0, 0, 0.998933333333333, 1
2, 653, 1, 1, 0, 0, 1, 1
2, 654, 1, 1, 0, 0, 0.9992, 1
2, 655, 1, 1, 0, 0, 1, 1
2, 656, 1, 1, 0, 0, 0.999733333333333, 1
2, 657, 1, 1, 0, 0, 1, 1
2, 658, 1, 1, 0, 0, 1, 1
2, 659, 1, 1, 0, 0, 1, 1
2, 660, 1, 1, 0, 0, 0.989466666666667, 1
2, 661, 1, 1, 0, 0, 1, 1
2, 662, 1, 1, 0, 0, 0.999066666666667, 1
2, 663, 1, 1, 0, 0, 1, 1
2, 664, 1, 1, 0, 0, 0.999866666666667, 1
2, 665, 1, 1, 0, 0, 0.9924, 1
2, 666, 1, 1, 0, 0, 0.999333333333333, 1
2, 667, 1, 1, 0, 0, 1, 1
2, 668, 1, 1, 0, 0, 0.999866666666667, 1
2, 669, 1, 1, 0, 0, 0.998933333333333, 1
2, 670, 1, 1, 0, 0, 0.9904, 1
2, 671, 1, 1, 0, 0, 0.998266666666667, 1
2, 672, 1, 1, 0, 0, 0.999866666666667, 1
2, 673, 1, 1, 0, 0, 1, 1
2, 674, 1, 1, 0, 0, 0.999733333333333, 1
2, 675, 1, 1, 0, 0, 0.996266666666667, 1
2, 676, 1, 1, 0, 0, 1, 1
2, 677, 1, 1, 0, 0, 0.999466666666667, 1
2, 678, 1, 1, 0, 0, 0.999733333333333, 1
2, 679, 1, 0, 0, 1, 0.930533333333333, 1
2, 680, 1, 1, 0, 0, 1, 1
2, 681, 1, 1, 0, 0, 1, 1
2, 682, 1, 1, 0, 0, 1, 1
2, 683, 1, 1, 0, 0, 0.994266666666667, 1
2, 684, 1, 1, 0, 0, 1, 1
2, 685, 1, 1, 0, 0, 0.999866666666667, 1
2, 686, 1, 1, 0, 0, 0.984666666666667, 1
2, 687, 1, 1, 0, 0, 0.9996, 1
2, 688, 1, 1, 0, 0, 1, 1
2, 689, 1, 1, 0, 0, 0.999333333333333, 1
2, 690, 1, 1, 0, 0, 0.976666666666667, 1
2, 691, 1, 1, 0, 0, 0.997066666666667, 1
2, 692, 1, 1, 0, 0, 1, 1
2, 693, 1, 1, 0, 0, 1, 1
2, 694, 1, 1, 0, 0, 0.9992, 1
2, 695, 1, 1, 0, 0, 0.996666666666667, 1
2, 696, 1, 1, 0, 0, 0.988, 1
2, 697, 1, 1, 0, 0, 0.999333333333333, 1
2, 698, 1, 1, 0, 0, 1, 1
2, 699, 1, 1, 0, 0, 0.999866666666667, 1
2, 700, 1, 1, 0, 0, 0.9988, 1
2, 701, 1, 0, 0, 1, 0.964933333333333, 1
2, 702, 1, 0, 0, 1, 0.869333333333333, 1
2, 703, 1, 0, 0, 1, 0.9164, 1
2, 704, 1, 0, 0, 1, 0.518266666666667, 1
2, 705, 1, 1, 0, 0, 0.999466666666667, 1
2, 706, 1, 1, 0, 0, 0.995866666666667, 1
2, 707, 1, 0, 0, 1, 0.905866666666667, 1
2, 708, 1, 0, 0, 1, 0.737466666666667, 1
2, 709, 1, 1, 0, 0, 0.9916, 1
2, 710, 1, 0, 0, 1, 0.954933333333333, 1
2, 711, 1, 0, 0, 1, 0.185066666666667, 1
2, 712, 1, 0, 0, 1, 0.877733333333333, 1
2, 713, 1, 0, 0, 1, 0.199066666666667, 1
2, 714, 1, 0, 0, 1, 0.970133333333333, 1
2, 715, 1, 1, 0, 0, 0.993066666666667, 1
2, 716, 1, 0, 0, 1, 0.9388, 1
2, 717, 1, 1, 0, 0, 0.996533333333333, 1
2, 718, 1, 1, 0, 0, 0.9964, 1
2, 719, 1, 0, 0, 1, 0.883733333333333, 1
2, 720, 1, 0, 0, 1, 0.971466666666667, 1
2, 721, 1, 0, 0, 1, 0.6904, 1
2, 722, 1, 0, 0, 1, 0.963866666666667, 1
2, 723, 1, 0, 0, 1, 0.904133333333333, 1
2, 724, 1, 0, 0, 1, 0.597466666666667, 1
2, 725, 1, 0, 0, 1, 0.4376, 1
2, 726, 1, 0, 0, 1, 0.8272, 1
2, 727, 1, 0, 0, 1, 0.947466666666667, 1
2, 728, 1, 0, 0, 1, 0.7812, 1
2, 729, 1, 1, 0, 0, 0.991733333333333, 1
2, 730, 1, 0, 0, 1, 0.957066666666667, 1
2, 731, 1, 1, 0, 0, 0.982, 1
2, 732, 1, 0, 0, 1, 0.561333333333333, 1
2, 733, 1, 0, 0, 1, 0.956933333333333, 1
2, 734, 1, 0, 0, 1, 0.823466666666667, 1
2, 735, 1, 0, 0, 1, 0.678266666666667, 1
2, 736, 1, 0, 0, 1, 0.896533333333333, 1
2, 737, 1, 0, 0, 1, 0.732533333333333, 1
2, 738, 1, 1, 0, 0, 0.999066666666667, 1
2, 739, 1, 0, 0, 1, 0.821733333333333, 1
2, 740, 1, 0, 0, 1, 0.945466666666667, 1
2, 741, 1, 0, 0, 1, 0.401066666666667, 1
2, 742, 1, 0, 0, 1, 0.573866666666667, 1
2, 743, 1, 0, 0, 1, 0.704266666666667, 1
2, 744, 1, 0, 0, 1, 0.93, 1
2, 745, 1, 1, 0, 0, 0.998533333333333, 1
2, 746, 1, 0, 0, 1, 0.2328, 1
2, 747, 1, 0, 0, 1, 0.787066666666667, 1
2, 748, 1, 0, 0, 1, 0.855466666666667, 1
2, 749, 1, 1, 0, 0, 0.992133333333333, 1
2, 750, 1, 0, 0, 1, 0.795733333333333, 1
2, 751, 1, 1, 0, 0, 0.9968, 1
2, 752, 1, 0, 0, 1, 0.964666666666667, 1
2, 753, 1, 1, 0, 0, 0.994266666666667, 1
2, 754, 1, 0, 0, 1, 0.2808, 1
2, 755, 1, 1, 0, 0, 0.9908, 1
2, 756, 1, 0, 0, 1, 0.890133333333333, 1
2, 757, 1, 1, 0, 0, 0.999466666666667, 1
2, 758, 1, 0, 0, 1, 0.8436, 1
2, 759, 1, 0, 0, 1, 0.9696, 1
2, 760, 1, 0, 0, 1, 0.849066666666667, 1
2, 761, 1, 0, 0, 1, 0.221733333333333, 1
2, 762, 1, 0, 0, 1, 0.559466666666667, 1
2, 763, 1, 0, 0, 1, 0.8636, 1
2, 764, 1, 0, 0, 1, 0.310666666666667, 1
2, 765, 1, 1, 0, 0, 0.987066666666667, 1
2, 766, 1, 1, 0, 0, 0.977733333333333, 1
2, 767, 1, 0, 0, 1, 0.8872, 1
2, 768, 1, 0, 0, 1, 0.9644, 1
2, 769, 1, 0, 0, 1, 0.917866666666667, 1
2, 770, 1, 1, 0, 0, 0.993866666666667, 1
2, 771, 1, 0, 0, 1, 0.6588, 1
2, 772, 1, 0, 0, 1, 0.765866666666667, 1
2, 773, 1, 0, 0, 1, 0.973466666666667, 1
2, 774, 1, 0, 0, 1, 0.767333333333333, 1
2, 775, 1, 0, 0, 1, 0.735733333333333, 1
2, 776, 1, 0, 0, 1, 0.952933333333333, 1
2, 777, 1, 0, 0, 1, 0.955466666666667, 1
2, 778, 1, 0, 0, 1, 0.832666666666667, 1
2, 779, 1, 1, 0, 0, 0.998266666666667, 1
2, 780, 1, 0, 0, 1, 0.942533333333333, 1
2, 781, 1, 0, 0, 1, 0.745333333333333, 1
2, 782, 1, 0, 0, 1, 0.656, 1
2, 783, 1, 0, 0, 1, 0.973066666666667, 1
2, 784, 1, 1, 0, 0, 0.998, 1
2, 785, 1, 0, 0, 1, 0.9104, 1
2, 786, 1, 0, 0, 1, 0.4488, 1
2, 787, 1, 1, 0, 0, 0.9816, 1
2, 788, 1, 1, 0, 0, 0.9904, 1
2, 789, 1, 0, 0, 1, 0.943466666666667, 1
2, 790, 1, 0, 0, 1, 0.733866666666667, 1
2, 791, 1, 0, 0, 1, 0.963466666666667, 1
2, 792, 1, 1, 0, 0, 0.9876, 1
2, 793, 1, 0, 0, 1, 0.8504, 1
2, 794, 1, 0, 0, 1, 0.564533333333333, 1
2, 795, 1, 0, 0, 1, 0.647733333333333, 1
2, 796, 1, 1, 0, 0, 0.996533333333333, 1
2, 797, 1, 1, 0, 0, 0.9944, 1
2, 798, 1, 0, 0, 1, 0.945466666666667, 1
2, 799, 1, 0, 0, 1, 0.843066666666667, 1
2, 800, 1, 0, 0, 1, 0.149066666666667, 1
2, 801, 1, 0, 0, 1, 0.253466666666667, 1
2, 802, 1, 0, 0, 1, 0.294, 1
2, 803, 1, 0, 0, 1, 0.664133333333333, 1
2, 804, 1, 0, 1, 0, 0.0128, 1
2, 805, 1, 0, 0, 1, 0.0546666666666667, 1
2, 806, 1, 0, 0, 1, 0.117333333333333, 1
2, 807, 1, 0, 0, 1, 0.7528, 1
2, 808, 1, 0, 0, 1, 0.660533333333333, 1
2, 809, 1, 0, 0, 1, 0.4844, 1
2, 810, 1, 0, 0, 1, 0.112666666666667, 1
2, 811, 1, 0, 0, 1, 0.7128, 1
2, 812, 1, 0, 0, 1, 0.8604, 1
2, 813, 1, 0, 0, 1, 0.1812, 1
2, 814, 1, 0, 0, 1, 0.6776, 1
2, 815, 1, 0, 0, 1, 0.482533333333333, 1
2, 816, 1, 0, 0, 1, 0.114133333333333, 1
2, 817, 1, 0, 0, 1, 0.4528, 1
2, 818, 1, 0, 0, 1, 0.43, 1
2, 819, 1, 0, 0, 1, 0.719733333333333, 1
2, 820, 1, 0, 0, 1, 0.320933333333333, 1
2, 821, 1, 0, 0, 1, 0.914133333333333, 1
2, 822, 1, 0, 0, 1, 0.405733333333333, 1
2, 823, 1, 0, 0, 1, 0.828, 1
2, 824, 1, 0, 0, 1, 0.5916, 1
2, 825, 1, 0, 1, 0, 0.0337333333333333, 1
2, 826, 1, 0, 0, 1, 0.1636, 1
2, 827, 1, 0, 0, 1, 0.2324, 1
2, 828, 1, 0, 0, 1, 0.398533333333333, 1
2, 829, 1, 0, 0, 1, 0.743866666666667, 1
2, 830, 1, 0, 0, 1, 0.742266666666667, 1
2, 831, 1, 0, 1, 0, 0.0274666666666667, 1
2, 832, 1, 0, 0, 1, 0.935333333333333, 1
2, 833, 1, 1, 0, 0, 0.987333333333333, 1
2, 834, 1, 0, 0, 1, 0.546266666666667, 1
2, 835, 1, 0, 0, 1, 0.118133333333333, 1
2, 836, 1, 1, 0, 0, 0.9996, 1
2, 837, 1, 0, 0, 1, 0.721066666666667, 1
2, 838, 1, 0, 0, 1, 0.434, 1
2, 839, 1, 0, 0, 1, 0.2284, 1
2, 840, 1, 0, 0, 1, 0.868666666666667, 1
2, 841, 1, 0, 0, 1, 0.748666666666667, 1
2, 842, 1, 0, 0, 1, 0.322933333333333, 1
2, 843, 1, 0, 0, 1, 0.086, 1
2, 844, 1, 0, 0, 1, 0.719066666666667, 1
2, 845, 1, 0, 0, 1, 0.2632, 1
2, 846, 1, 0, 0, 1, 0.3068, 1
2, 847, 1, 0, 0, 1, 0.7904, 1
2, 848, 1, 0, 0, 1, 0.261066666666667, 1
2, 849, 1, 0, 0, 1, 0.102533333333333, 1
2, 850, 1, 0, 0, 1, 0.822266666666667, 1
2, 851, 1, 0, 0, 1, 0.787066666666667, 1
2, 852, 1, 0, 0, 1, 0.3956, 1
2, 853, 1, 0, 0, 1, 0.395066666666667, 1
2, 854, 1, 0, 0, 1, 0.3816, 1
2, 855, 1, 0, 0, 1, 0.4104, 1
2, 856, 1, 0, 1, 0, 0.0257333333333333, 1
2, 857, 1, 0, 0, 1, 0.521866666666667, 1
2, 858, 1, 0, 1, 0, 0.0396, 1
2, 859, 1, 0, 0, 1, 0.848666666666667, 1
2, 860, 1, 0, 0, 1, 0.0881333333333333, 1
2, 861, 1, 0, 0, 1, 0.598266666666667, 1
2, 862, 1, 0, 0, 1, 0.0852, 1
2, 863, 1, 0, 0, 1, 0.336266666666667, 1
2, 864, 1, 0, 0, 1, 0.309333333333333, 1
2, 865, 1, 0, 0, 1, 0.400133333333333, 1
2, 866, 1, 0, 0, 1, 0.972533333333333, 1
2, 867, 1, 0, 0, 1, 0.9052, 1
2, 868, 1, 0, 0, 1, 0.4388, 1
2, 869, 1, 0, 0, 1, 0.454533333333333, 1
2, 870, 1, 0, 0, 1, 0.3624, 1
2, 871, 1, 0, 0, 1, 0.871066666666667, 1
2, 872, 1, 0, 0, 1, 0.0896, 1
2, 873, 1, 0, 0, 1, 0.192133333333333, 1
2, 874, 1, 0, 1, 0, 0.0458666666666667, 1
2, 875, 1, 0, 1, 0, 0.0369333333333333, 1
2, 876, 1, 0, 0, 1, 0.321066666666667, 1
2, 877, 1, 0, 0, 1, 0.4592, 1
2, 878, 1, 0, 0, 1, 0.100266666666667, 1
2, 879, 1, 0, 0, 1, 0.2968, 1
2, 880, 1, 0, 0, 1, 0.9016, 1
2, 881, 1, 0, 0, 1, 0.760266666666667, 1
2, 882, 1, 0, 0, 1, 0.109466666666667, 1
2, 883, 1, 0, 0, 1, 0.649066666666667, 1
2, 884, 1, 0, 0, 1, 0.3776, 1
2, 885, 1, 0, 0, 1, 0.1948, 1
2, 886, 1, 0, 0, 1, 0.925733333333333, 1
2, 887, 1, 0, 0, 1, 0.581866666666667, 1
2, 888, 1, 0, 1, 0, 0.0254666666666667, 1
2, 889, 1, 0, 0, 1, 0.695866666666667, 1
2, 890, 1, 1, 0, 0, 0.997333333333333, 1
2, 891, 1, 0, 0, 1, 0.7808, 1
2, 892, 1, 0, 0, 1, 0.8196, 1
2, 893, 1, 0, 0, 1, 0.554133333333333, 1
2, 894, 1, 0, 0, 1, 0.0877333333333333, 1
2, 895, 1, 0, 0, 1, 0.837066666666667, 1
2, 896, 1, 0, 0, 1, 0.677733333333333, 1
2, 897, 1, 0, 0, 1, 0.601066666666667, 1
2, 898, 1, 0, 0, 1, 0.631066666666667, 1
2, 899, 1, 1, 0, 0, 0.9796, 1
2, 900, 1, 0, 0, 1, 0.612266666666667, 1
2, 901, 1, 1, 0, 0, 0.997466666666667, 1
2, 902, 1, 1, 0, 0, 0.990266666666667, 1
2, 903, 1, 1, 0, 0, 1, 1
2, 904, 1, 1, 0, 0, 0.996133333333333, 1
2, 905, 1, 1, 0, 0, 0.979066666666667, 1
2, 906, 1, 1, 0, 0, 1, 1
2, 907, 1, 1, 0, 0, 0.999466666666667, 1
2, 908, 1, 1, 0, 0, 0.999866666666667, 1
2, 909, 1, 1, 0, 0, 0.999866666666667, 1
2, 910, 1, 1, 0, 0, 0.999866666666667, 1
2, 911, 1, 1, 0, 0, 0.998, 1
2, 912, 1, 1, 0, 0, 0.9916, 1
2, 913, 1, 1, 0, 0, 0.997733333333333, 1
2, 914, 1, 0, 0, 1, 0.925466666666667, 1
2, 915, 1, 1, 0, 0, 0.998533333333333, 1
2, 916, 1, 1, 0, 0, 1, 1
2, 917, 1, 1, 0, 0, 0.998, 1
2, 918, 1, 1, 0, 0, 0.9932, 1
2, 919, 1, 1, 0, 0, 1, 1
2, 920, 1, 1, 0, 0, 1, 1
2, 921, 1, 1, 0, 0, 1, 1
2, 922, 1, 0, 0, 1, 0.9688, 1
2, 923, 1, 1, 0, 0, 1, 1
2, 924, 1, 1, 0, 0, 0.999333333333333, 1
2, 925, 1, 1, 0, 0, 0.996933333333333, 1
2, 926, 1, 1, 0, 0, 1, 1
2, 927, 1, 1, 0, 0, 0.9972, 1
2, 928, 1, 1, 0, 0, 0.9968, 1
2, 929, 1, 1, 0, 0, 0.984933333333333, 1
2, 930, 1, 1, 0, 0, 0.999066666666667, 1
2, 931, 1, 1, 0, 0, 0.9992, 1
2, 932, 1, 0, 0, 1, 0.926133333333333, 1
2, 933, 1, 1, 0, 0, 1, 1
2, 934, 1, 1, 0, 0, 0.9996, 1
2, 935, 1, 1, 0, 0, 0.999466666666667, 1
2, 936, 1, 1, 0, 0, 0.987066666666667, 1
2, 937, 1, 1, 0, 0, 0.996266666666667, 1
2, 938, 1, 1, 0, 0, 0.991066666666667, 1
2, 939, 1, 1, 0, 0, 1, 1
2, 940, 1, 1, 0, 0, 0.9996, 1
2, 941, 1, 1, 0, 0, 0.9996, 1
2, 942, 1, 1, 0, 0, 0.991866666666667, 1
2, 943, 1, 1, 0, 0, 0.996666666666667, 1
2, 944, 1, 1, 0, 0, 1, 1
2, 945, 1, 0, 0, 1, 0.9712, 1
2, 946, 1, 1, 0, 0, 1, 1
2, 947, 1, 1, 0, 0, 0.999733333333333, 1
2, 948, 1, 1, 0, 0, 0.999466666666667, 1
2, 949, 1, 1, 0, 0, 1, 1
2, 950, 1, 1, 0, 0, 1, 1
2, 951, 1, 0, 0, 1, 0.940666666666667, 1
2, 952, 1, 1, 0, 0, 1, 1
2, 953, 1, 1, 0, 0, 0.999733333333333, 1
2, 954, 1, 1, 0, 0, 0.9988, 1
2, 955, 1, 1, 0, 0, 0.997466666666667, 1
2, 956, 1, 1, 0, 0, 0.999733333333333, 1
2, 957, 1, 1, 0, 0, 0.996933333333333, 1
2, 958, 1, 1, 0, 0, 0.999866666666667, 1
2, 959, 1, 1, 0, 0, 0.9996, 1
2, 960, 1, 1, 0, 0, 1, 1
2, 961, 1, 1, 0, 0, 0.993333333333333, 1
2, 962, 1, 1, 0, 0, 0.9996, 1
2, 963, 1, 1, 0, 0, 0.999866666666667, 1
2, 964, 1, 1, 0, 0, 0.9996, 1
2, 965, 1, 1, 0, 0, 0.9968, 1
2, 966, 1, 1, 0, 0, 0.999733333333333, 1
2, 967, 1, 1, 0, 0, 0.9996, 1
2, 968, 1, 1, 0, 0, 0.991333333333333, 1
2, 969, 1, 1, 0, 0, 0.9996, 1
2, 970, 1, 1, 0, 0, 0.999066666666667, 1
2, 971, 1, 1, 0, 0, 0.981333333333333, 1
2, 972, 1, 1, 0, 0, 1, 1
2, 973, 1, 1, 0, 0, 0.999866666666667, 1
2, 974, 1, 1, 0, 0, 0.998666666666667, 1
2, 975, 1, 0, 0, 1, 0.920533333333333, 1
2, 976, 1, 1, 0, 0, 1, 1
2, 977, 1, 0, 0, 1, 0.9184, 1
2, 978, 1, 1, 0, 0, 1, 1
2, 979, 1, 1, 0, 0, 0.997066666666667, 1
2, 980, 1, 1, 0, 0, 0.9992, 1
2, 981, 1, 0, 0, 1, 0.909866666666667, 1
2, 982, 1, 1, 0, 0, 0.999466666666667, 1
2, 983, 1, 1, 0, 0, 0.9988, 1
2, 984, 1, 1, 0, 0, 0.999333333333333, 1
2, 985, 1, 1, 0, 0, 0.9936, 1
2, 986, 1, 1, 0, 0, 0.998, 1
2, 987, 1, 1, 0, 0, 0.9996, 1
2, 988, 1, 1, 0, 0, 1, 1
2, 989, 1, 1, 0, 0, 1, 1
2, 990, 1, 1, 0, 0, 0.991333333333333, 1
2, 991, 1, 1, 0, 0, 1, 1
2, 992, 1, 0, 0, 1, 0.876533333333333, 1
2, 993, 1, 1, 0, 0, 1, 1
2, 994, 1, 1, 0, 0, 0.9972, 1
2, 995, 1, 1, 0, 0, 0.999866666666667, 1
2, 996, 1, 1, 0, 0, 1, 1
2, 997, 1, 1, 0, 0, 0.998266666666667, 1
2, 998, 1, 1, 0, 0, 1, 1
2, 999, 1, 0, 0, 1, 0.902666666666667, 1
2, 1000, 1, 1, 0, 0, 0.999866666666667, 1
2, 1001, 1, 1, 0, 0, 0.999733333333333, 1
2, 1002, 1, 1, 0, 0, 0.988133333333333, 1
2, 1003, 1, 1, 0, 0, 1, 1
2, 1004, 1, 1, 0, 0, 0.9992, 1
2, 1005, 1, 1, 0, 0, 1, 1
2, 1006, 1, 0, 0, 1, 0.971333333333333, 1
2, 1007, 1, 0, 0, 1, 0.934533333333333, 1
2, 1008, 1, 1, 0, 0, 0.999866666666667, 1
2, 1009, 1, 1, 0, 0, 1, 1
2, 1010, 1, 1, 0, 0, 1, 1
2, 1011, 1, 1, 0, 0, 1, 1
2, 1012, 1, 1, 0, 0, 0.999066666666667, 1
2, 1013, 1, 1, 0, 0, 1, 1
2, 1014, 1, 1, 0, 0, 0.992533333333333, 1
2, 1015, 1, 1, 0, 0, 0.998133333333333, 1
2, 1016, 1, 1, 0, 0, 0.9996, 1
2, 1017, 1, 0, 0, 1, 0.900266666666667, 1
2, 1018, 1, 1, 0, 0, 0.999866666666667, 1
2, 1019, 1, 1, 0, 0, 0.998266666666667, 1
2, 1020, 1, 1, 0, 0, 1, 1
2, 1021, 1, 1, 0, 0, 0.999866666666667, 1
2, 1022, 1, 0, 0, 1, 0.9732, 1
2, 1023, 1, 1, 0, 0, 1, 1
2, 1024, 1, 1, 0, 0, 0.977733333333333, 1
2, 1025, 1, 1, 0, 0, 0.9984, 1
2, 1026, 1, 0, 0, 1, 0.4644, 1
2, 1027, 1, 1, 0, 0, 1, 1
2, 1028, 1, 1, 0, 0, 1, 1
2, 1029, 1, 1, 0, 0, 0.981066666666667, 1
2, 1030, 1, 1, 0, 0, 1, 1
2, 1031, 1, 1, 0, 0, 0.995466666666667, 1
2, 1032, 1, 1, 0, 0, 0.9988, 1
2, 1033, 1, 1, 0, 0, 1, 1
2, 1034, 1, 1, 0, 0, 1, 1
2, 1035, 1, 1, 0, 0, 1, 1
2, 1036, 1, 0, 0, 1, 0.9676, 1
2, 1037, 1, 1, 0, 0, 0.984666666666667, 1
2, 1038, 1, 1, 0, 0, 0.999733333333333, 1
2, 1039, 1, 1, 0, 0, 0.999733333333333, 1
2, 1040, 1, 1, 0, 0, 0.9972, 1
2, 1041, 1, 1, 0, 0, 0.9992, 1
2, 1042, 1, 1, 0, 0, 0.9956, 1
2, 1043, 1, 1, 0, 0, 1, 1
2, 1044, 1, 1, 0, 0, 0.999333333333333, 1
2, 1045, 1, 1, 0, 0, 0.999333333333333, 1
2, 1046, 1, 1, 0, 0, 1, 1
2, 1047, 1, 1, 0, 0, 1, 1
2, 1048, 1, 1, 0, 0, 0.998666666666667, 1
2, 1049, 1, 1, 0, 0, 0.998666666666667, 1
2, 1050, 1, 1, 0, 0, 0.998133333333333, 1
2, 1051, 1, 1, 0, 0, 0.997733333333333, 1
2, 1052, 1, 1, 0, 0, 0.999866666666667, 1
2, 1053, 1, 1, 0, 0, 0.999333333333333, 1
2, 1054, 1, 1, 0, 0, 1, 1
2, 1055, 1, 1, 0, 0, 0.9892, 1
2, 1056, 1, 1, 0, 0, 0.999733333333333, 1
2, 1057, 1, 1, 0, 0, 0.999333333333333, 1
2, 1058, 1, 0, 0, 1, 0.966266666666667, 1
2, 1059, 1, 1, 0, 0, 1, 1
2, 1060, 1, 1, 0, 0, 0.997733333333333, 1
2, 1061, 1, 1, 0, 0, 1, 1
2, 1062, 1, 1, 0, 0, 0.9944, 1
2, 1063, 1, 1, 0, 0, 0.997466666666667, 1
2, 1064, 1, 1, 0, 0, 0.999466666666667, 1
2, 1065, 1, 1, 0, 0, 0.9996, 1
2, 1066, 1, 1, 0, 0, 1, 1
2, 1067, 1, 1, 0, 0, 1, 1
2, 1068, 1, 1, 0, 0, 0.9916, 1
2, 1069, 1, 1, 0, 0, 0.997066666666667, 1
2, 1070, 1, 1, 0, 0, 0.997333333333333, 1
2, 1071, 1, 1, 0, 0, 1, 1
2, 1072, 1, 0, 0, 1, 0.801333333333333, 1
2, 1073, 1, 1, 0, 0, 1, 1
2, 1074, 1, 1, 0, 0, 0.999066666666667, 1
2, 1075, 1, 1, 0, 0, 1, 1
2, 1076, 1, 1, 0, 0, 1, 1
2, 1077, 1, 1, 0, 0, 0.9944, 1
2, 1078, 1, 1, 0, 0, 0.9984, 1
2, 1079, 1, 1, 0, 0, 1, 1
2, 1080, 1, 1, 0, 0, 1, 1
2, 1081, 1, 1, 0, 0, 0.998933333333333, 1
2, 1082, 1, 1, 0, 0, 0.999066666666667, 1
2, 1083, 1, 1, 0, 0, 1, 1
2, 1084, 1, 1, 0, 0, 0.981333333333333, 1
2, 1085, 1, 1, 0, 0, 1, 1
2, 1086, 1, 1, 0, 0, 0.999866666666667, 1
2, 1087, 1, 1, 0, 0, 1, 1
2, 1088, 1, 1, 0, 0, 0.999333333333333, 1
2, 1089, 1, 1, 0, 0, 1, 1
2, 1090, 1, 1, 0, 0, 0.990666666666667, 1
2, 1091, 1, 1, 0, 0, 0.992266666666667, 1
2, 1092, 1, 1, 0, 0, 1, 1
2, 1093, 1, 1, 0, 0, 0.998533333333333, 1
2, 1094, 1, 1, 0, 0, 0.9908, 1
2, 1095, 1, 1, 0, 0, 1, 1
2, 1096, 1, 0, 0, 1, 0.765333333333333, 1
2, 1097, 1, 1, 0, 0, 1, 1
2, 1098, 1, 1, 0, 0, 1, 1
2, 1099, 1, 1, 0, 0, 1, 1
2, 1100, 1, 1, 0, 0, 0.998533333333333, 1
2, 1101, 1, 0, 0, 1, 0.9548, 1
2, 1102, 1, 0, 0, 1, 0.862666666666667, 1
2, 1103, 1, 0, 0, 1, 0.953333333333333, 1
2, 1104, 1, 0, 0, 1, 0.824, 1
2, 1105, 1, 0, 0, 1, 0.957066666666667, 1
2, 1106, 1, 0, 0, 1, 0.938666666666667, 1
2, 1107, 1, 0, 0, 1, 0.938666666666667, 1
2, 1108, 1, 0, 0, 1, 0.959866666666667, 1
2, 1109, 1, 1, 0, 0, 0.9984, 1
2, 1110, 1, 0, 0, 1, 0.694266666666667, 1
2, 1111, 1, 0, 0, 1, 0.5876, 1
2, 1112, 1, 1, 0, 0, 0.9824, 1
2, 1113, 1, 0, 0, 1, 0.923333333333333, 1
2, 1114, 1, 0, 0, 1, 0.963866666666667, 1
2, 1115, 1, 1, 0, 0, 0.986, 1
2, 1116, 1, 1, 0, 0, 0.9964, 1
2, 1117, 1, 1, 0, 0, 0.996266666666667, 1
2, 1118, 1, 0, 0, 1, 0.789466666666667, 1
2, 1119, 1, 0, 0, 1, 0.461333333333333, 1
2, 1120, 1, 1, 0, 0, 0.999333333333333, 1
2, 1121, 1, 0, 0, 1, 0.5888, 1
2, 1122, 1, 0, 0, 1, 0.9544, 1
2, 1123, 1, 0, 0, 1, 0.478933333333333, 1
2, 1124, 1, 1, 0, 0, 0.993066666666667, 1
2, 1125, 1, 0, 0, 1, 0.0833333333333333, 1
2, 1126, 1, 0, 0, 1, 0.5524, 1
2, 1127, 1, 0, 0, 1, 0.893733333333333, 1
2, 1128, 1, 0, 0, 1, 0.739466666666667, 1
2, 1129, 1, 1, 0, 0, 0.976666666666667, 1
2, 1130, 1, 0, 0, 1, 0.9692, 1
2, 1131, 1, 0, 0, 1, 0.0826666666666667, 1
2, 1132, 1, 0, 0, 1, 0.818, 1
2, 1133, 1, 1, 0, 0, 0.997333333333333, 1
2, 1134, 1, 0, 0, 1, 0.343733333333333, 1
2, 1135, 1, 0, 0, 1, 0.683866666666667, 1
2, 1136, 1, 0, 0, 1, 0.766666666666667, 1
2, 1137, 1, 1, 0, 0, 0.9792, 1
2, 1138, 1, 0, 0, 1, 0.9064, 1
2, 1139, 1, 0, 0, 1, 0.8628, 1
2, 1140, 1, 1, 0, 0, 0.993866666666667, 1
2, 1141, 1, 0, 0, 1, 0.86, 1
2, 1142, 1, 0, 0, 1, 0.955466666666667, 1
2, 1143, 1, 1, 0, 0, 0.9896, 1
2, 1144, 1, 0, 0, 1, 0.652133333333333, 1
2, 1145, 1, 0, 0, 1, 0.793333333333333, 1
2, 1146, 1, 0, 0, 1, 0.951333333333333, 1
2, 1147, 1, 0, 0, 1, 0.734933333333333, 1
2, 1148, 1, 0, 0, 1, 0.543733333333333, 1
2, 1149, 1, 0, 0, 1, 0.738, 1
2, 1150, 1, 1, 0, 0, 0.978666666666667, 1
2, 1151, 1, 0, 0, 1, 0.877866666666667, 1
2, 1152, 1, 0, 0, 1, 0.889066666666667, 1
2, 1153, 1, 0, 0, 1, 0.833333333333333, 1
2, 1154, 1, 1, 0, 0, 0.994933333333333, 1
2, 1155, 1, 0, 0, 1, 0.5984, 1
2, 1156, 1, 0, 0, 1, 0.777333333333333, 1
2, 1157, 1, 0, 0, 1, 0.751466666666667, 1
2, 1158, 1, 0, 0, 1, 0.7452, 1
2, 1159, 1, 0, 0, 1, 0.784, 1
2, 1160, 1, 0, 0, 1, 0.532, 1
2, 1161, 1, 0, 0, 1, 0.9664, 1
2, 1162, 1, 0, 0, 1, 0.924133333333333, 1
2, 1163, 1, 0, 0, 1, 0.8, 1
2, 1164, 1, 0, 0, 1, 0.912, 1
2, 1165, 1, 0, 0, 1, 0.473333333333333, 1
2, 1166, 1, 0, 0, 1, 0.888533333333333, 1
2, 1167, 1, 0, 0, 1, 0.7804, 1
2, 1168, 1, 0, 0, 1, 0.920933333333333, 1
2, 1169, 1, 0, 0, 1, 0.653466666666667, 1
2, 1170, 1, 0, 0, 1, 0.6288, 1
2, 1171, 1, 0, 0, 1, 0.932533333333333, 1
2, 1172, 1, 1, 0, 0, 0.999066666666667, 1
2, 1173, 1, 1, 0, 0, 0.9908, 1
2, 1174, 1, 1, 0, 0, 0.994, 1
2, 1175, 1, 0, 0, 1, 0.505466666666667, 1
2, 1176, 1, 0, 0, 1, 0.784533333333333, 1
2, 1177, 1, 0, 0, 1, 0.900133333333333, 1
2, 1178, 1, 0, 0, 1, 0.8408, 1
2, 1179, 1, 0, 0, 1, 0.796533333333333, 1
2, 1180, 1, 0, 0, 1, 0.4572, 1
2, 1181, 1, 0, 0, 1, 0.906266666666667, 1
2, 1182, 1, 0, 0, 1, 0.886266666666667, 1
2, 1183, 1, 0, 0, 1, 0.824, 1
2, 1184, 1, 0, 0, 1, 0.964533333333333, 1
2, 1185, 1, 0, 0, 1, 0.930666666666667, 1
2, 1186, 1, 0, 0, 1, 0.8864, 1
2, 1187, 1, 1, 0, 0, 0.9904, 1
2, 1188, 1, 1, 0, 0, 1, 1
2, 1189, 1, 1, 0, 0, 0.984266666666667, 1
2, 1190, 1, 0, 0, 1, 0.9264, 1
2, 1191, 1, 0, 0, 1, 0.957866666666667, 1
2, 1192, 1, 0, 0, 1, 0.928, 1
2, 1193, 1, 0, 0, 1, 0.7964, 1
2, 1194, 1, 0, 0, 1, 0.833733333333333, 1
2, 1195, 1, 0, 0, 1, 0.933066666666667, 1
2, 1196, 1, 0, 0, 1, 0.646, 1
2, 1197, 1, 1, 0, 0, 0.982133333333333, 1
2, 1198, 1, 1, 0, 0, 0.989733333333333, 1
2, 1199, 1, 0, 0, 1, 0.7928, 1
2, 1200, 1, 0, 0, 1, 0.348, 1
2, 1201, 1, 0, 0, 1, 0.742, 1
2, 1202, 1, 0, 0, 1, 0.611333333333333, 1
2, 1203, 1, 0, 0, 1, 0.660533333333333, 1
2, 1204, 1, 0, 0, 1, 0.446, 1
2, 1205, 1, 0, 0, 1, 0.9588, 1
2, 1206, 1, 0, 0, 1, 0.856, 1
2, 1207, 1, 0, 0, 1, 0.826266666666667, 1
2, 1208, 1, 0, 0, 1, 0.146933333333333, 1
2, 1209, 1, 0, 0, 1, 0.4604, 1
2, 1210, 1, 0, 0, 1, 0.620133333333333, 1
2, 1211, 1, 0, 0, 1, 0.472933333333333, 1
2, 1212, 1, 0, 0, 1, 0.644266666666667, 1
2, 1213, 1, 0, 0, 1, 0.378266666666667, 1
2, 1214, 1, 0, 0, 1, 0.7704, 1
2, 1215, 1, 0, 0, 1, 0.929866666666667, 1
2, 1216, 1, 0, 0, 1, 0.932, 1
2, 1217, 1, 0, 0, 1, 0.763733333333333, 1
2, 1218, 1, 0, 0, 1, 0.451333333333333, 1
2, 1219, 1, 0, 0, 1, 0.8544, 1
2, 1220, 1, 0, 0, 1, 0.950533333333333, 1
2, 1221, 1, 0, 0, 1, 0.814933333333333, 1
2, 1222, 1, 0, 1, 0, 0.0290666666666667, 1
2, 1223, 1, 0, 0, 1, 0.196666666666667, 1
2, 1224, 1, 0, 0, 1, 0.0952, 1
2, 1225, 1, 0, 0, 1, 0.133066666666667, 1
2, 1226, 1, 0, 0, 1, 0.729066666666667, 1
2, 1227, 1, 0, 0, 1, 0.356933333333333, 1
2, 1228, 1, 0, 0, 1, 0.5048, 1
2, 1229, 1, 0, 0, 1, 0.939066666666667, 1
2, 1230, 1, 0, 0, 1, 0.660666666666667, 1
2, 1231, 1, 0, 0, 1, 0.367733333333333, 1
2, 1232, 1, 0, 0, 1, 0.8392, 1
2, 1233, 1, 0, 0, 1, 0.849066666666667, 1
2, 1234, 1, 0, 0, 1, 0.114133333333333, 1
2, 1235, 1, 0, 0, 1, 0.87, 1
2, 1236, 1, 0, 0, 1, 0.2312, 1
2, 1237, 1, 0, 0, 1, 0.417466666666667, 1
2, 1238, 1, 0, 0, 1, 0.297333333333333, 1
2, 1239, 1, 0, 0, 1, 0.708266666666667, 1
2, 1240, 1, 0, 0, 1, 0.471733333333333, 1
2, 1241, 1, 0, 0, 1, 0.156, 1
2, 1242, 1, 0, 0, 1, 0.106533333333333, 1
2, 1243, 1, 1, 0, 0, 0.985466666666667, 1
2, 1244, 1, 0, 0, 1, 0.5376, 1
2, 1245, 1, 0, 0, 1, 0.928666666666667, 1
2, 1246, 1, 0, 0, 1, 0.233733333333333, 1
2, 1247, 1, 0, 0, 1, 0.708666666666667, 1
2, 1248, 1, 0, 0, 1, 0.117333333333333, 1
2, 1249, 1, 0, 0, 1, 0.449466666666667, 1
2, 1250, 1, 0, 1, 0, 0.0413333333333333, 1
2, 1251, 1, 0, 0, 1, 0.5576, 1
2, 1252, 1, 0, 0, 1, 0.466666666666667, 1
2, 1253, 1, 0, 0, 1, 0.932933333333333, 1
2, 1254, 1, 0, 0, 1, 0.4636, 1
2, 1255, 1, 0, 0, 1, 0.6236, 1
2, 1256, 1, 0, 0, 1, 0.2964, 1
2, 1257, 1, 0, 0, 1, 0.9208, 1
2, 1258, 1, 0, 0, 1, 0.722533333333333, 1
2, 1259, 1, 0, 0, 1, 0.0649333333333333, 1
2, 1260, 1, 0, 0, 1, 0.1608, 1
2, 1261, 1, 0, 0, 1, 0.146266666666667, 1
2, 1262, 1, 0, 0, 1, 0.270133333333333, 1
2, 1263, 1, 0, 0, 1, 0.2604, 1
2, 1264, 1, 0, 0, 1, 0.28, 1
2, 1265, 1, 0, 0, 1, 0.112133333333333, 1
2, 1266, 1, 0, 0, 1, 0.613866666666667, 1
2, 1267, 1, 0, 0, 1, 0.400266666666667, 1
2, 1268, 1, 0, 0, 1, 0.647066666666667, 1
2, 1269, 1, 0, 0, 1, 0.0512, 1
2, 1270, 1, 0, 0, 1, 0.899733333333333, 1
2, 1271, 1, 0, 0, 1, 0.787866666666667, 1
2, 1272, 1, 0, 0, 1, 0.1604, 1
2, 1273, 1, 0, 1, 0, 0.044, 1
2, 1274, 1, 0, 0, 1, 0.682933333333333, 1
2, 1275, 1, 0, 0, 1, 0.640666666666667, 1
2, 1276, 1, 0, 0, 1, 0.522266666666667, 1
2, 1277, 1, 0, 0, 1, 0.4144, 1
2, 1278, 1, 0, 0, 1, 0.345466666666667, 1
2, 1279, 1, 0, 0, 1, 0.6652, 1
2, 1280, 1, 0, 0, 1, 0.316266666666667, 1
2, 1281, 1, 0, 0, 1, 0.137866666666667, 1
2, 1282, 1, 0, 0, 1, 0.5796, 1
2, 1283, 1, 0, 0, 1, 0.242933333333333, 1
2, 1284, 1, 0, 0, 1, 0.2868, 1
2, 1285, 1, 0, 0, 1, 0.477733333333333, 1
2, 1286, 1, 0, 1, 0, 0.0190666666666667, 1
2, 1287, 1, 0, 0, 1, 0.4876, 1
2, 1288, 1, 0, 0, 1, 0.723333333333333, 1
2, 1289, 1, 0, 0, 1, 0.5316, 1
2, 1290, 1, 0, 0, 1, 0.691466666666667, 1
2, 1291, 1, 0, 0, 1, 0.6952, 1
2, 1292, 1, 0, 0, 1, 0.489733333333333, 1
2, 1293, 1, 0, 0, 1, 0.229866666666667, 1
2, 1294, 1, 0, 0, 1, 0.156933333333333, 1
2, 1295, 1, 0, 0, 1, 0.733333333333333, 1
2, 1296, 1, 0, 0, 1, 0.820133333333333, 1
2, 1297, 1, 0, 0, 1, 0.368933333333333, 1
2, 1298, 1, 0, 0, 1, 0.5228, 1
2, 1299, 1, 0, 0, 1, 0.705066666666667, 1
2, 1300, 1, 0, 0, 1, 0.0814666666666667, 1
2, 1301, 1, 1, 0, 0, 0.9976, 1
2, 1302, 1, 1, 0, 0, 0.9964, 1
2, 1303, 1, 1, 0, 0, 1, 1
2, 1304, 1, 1, 0, 0, 0.999733333333333, 1
2, 1305, 1, 1, 0, 0, 0.999066666666667, 1
2, 1306, 1, 1, 0, 0, 0.9984, 1
2, 1307, 1, 1, 0, 0, 0.9972, 1
2, 1308, 1, 1, 0, 0, 1, 1
2, 1309, 1, 1, 0, 0, 1, 1
2, 1310, 1, 1, 0, 0, 1, 1
2, 1311, 1, 1, 0, 0, 0.997066666666667, 1
2, 1312, 1, 0, 0, 1, 0.966933333333333, 1
2, 1313, 1, 1, 0, 0, 0.993733333333333, 1
2, 1314, 1, 1, 0, 0, 0.999466666666667, 1
2, 1315, 1, 1, 0, 0, 1, 1
2, 1316, 1, 1, 0, 0, 0.9996, 1
2, 1317, 1, 1, 0, 0, 0.996133333333333, 1
2, 1318, 1, 1, 0, 0, 0.994266666666667, 1
2, 1319, 1, 1, 0, 0, 1, 1
2, 1320, 1, 1, 0, 0, 1, 1
2, 1321, 1, 1, 0, 0, 0.9996, 1
2, 1322, 1, 1, 0, 0, 0.9952, 1
2, 1323, 1, 1, 0, 0, 0.999333333333333, 1
2, 1324, 1, 1, 0, 0, 0.9988, 1
2, 1325, 1, 1, 0, 0, 0.990533333333333, 1
2, 1326, 1, 0, 0, 1, 0.9664, 1
2, 1327, 1, 1, 0, 0, 1, 1
2, 1328, 1, 1, 0, 0, 0.998533333333333, 1
2, 1329, 1, 1, 0, 0, 0.999466666666667, 1
2, 1330, 1, 1, 0, 0, 0.999866666666667, 1
2, 1331, 1, 1, 0, 0, 0.999733333333333, 1
2, 1332, 1, 1, 0, 0, 0.992666666666667, 1
2, 1333, 1, 1, 0, 0, 0.992133333333333, 1
2, 1334, 1, 1, 0, 0, 0.999733333333333, 1
2, 1335, 1, 1, 0, 0, 0.9948, 1
2, 1336, 1, 1, 0, 0, 1, 1
2, 1337, 1, 1, 0, 0, 1, 1
2, 1338, 1, 1, 0, 0, 0.997866666666667, 1
2, 1339, 1, 0, 0, 1, 0.925866666666667, 1
2, 1340, 1, 1, 0, 0, 0.994266666666667, 1
2, 1341, 1, 1, 0, 0, 1, 1
2, 1342, 1, 1, 0, 0, 0.999066666666667, 1
2, 1343, 1, 1, 0, 0, 1, 1
2, 1344, 1, 1, 0, 0, 0.996666666666667, 1
2, 1345, 1, 1, 0, 0, 0.9956, 1
2, 1346, 1, 1, 0, 0, 0.993466666666667, 1
2, 1347, 1, 1, 0, 0, 1, 1
2, 1348, 1, 1, 0, 0, 0.998133333333333, 1
2, 1349, 1, 1, 0, 0, 0.999066666666667, 1
2, 1350, 1, 1, 0, 0, 0.997333333333333, 1
2, 1351, 1, 1, 0, 0, 1, 1
2, 1352, 1, 1, 0, 0, 0.9968, 1
2, 1353, 1, 1, 0, 0, 0.9916, 1
2, 1354, 1, 1, 0, 0, 1, 1
2, 1355, 1, 1, 0, 0, 0.998666666666667, 1
2, 1356, 1, 1, 0, 0, 0.9984, 1
2, 1357, 1, 1, 0, 0, 1, 1
2, 1358, 1, 1, 0, 0, 0.9992, 1
2, 1359, 1, 1, 0, 0, 0.995333333333333, 1
2, 1360, 1, 1, 0, 0, 1, 1
2, 1361, 1, 0, 0, 1, 0.9648, 1
2, 1362, 1, 1, 0, 0, 0.999466666666667, 1
2, 1363, 1, 1, 0, 0, 0.9984, 1
2, 1364, 1, 1, 0, 0, 1, 1
2, 1365, 1, 1, 0, 0, 0.999466666666667, 1
2, 1366, 1, 1, 0, 0, 0.999733333333333, 1
2, 1367, 1, 1, 0, 0, 0.9996, 1
2, 1368, 1, 1, 0, 0, 0.9992, 1
2, 1369, 1, 0, 0, 1, 0.947866666666667, 1
2, 1370, 1, 1, 0, 0, 0.999866666666667, 1
2, 1371, 1, 1, 0, 0, 0.995733333333333, 1
2, 1372, 1, 1, 0, 0, 0.995866666666667, 1
2, 1373, 1, 1, 0, 0, 0.9996, 1
2, 1374, 1, 0, 0, 1, 0.941733333333333, 1
2, 1375, 1, 1, 0, 0, 1, 1
2, 1376, 1, 1, 0, 0, 0.9992, 1
2, 1377, 1, 1, 0, 0, 0.9996, 1
2, 1378, 1, 1, 0, 0, 0.991066666666667, 1
2, 1379, 1, 1, 0, 0, 0.999733333333333, 1
2, 1380, 1, 1, 0, 0, 0.999866666666667, 1
2, 1381, 1, 1, 0, 0, 1, 1
2, 1382, 1, 1, 0, 0, 0.998666666666667, 1
2, 1383, 1, 1, 0, 0, 0.999066666666667, 1
2, 1384, 1, 1, 0, 0, 0.990666666666667, 1
2, 1385, 1, 0, 0, 1, 0.887733333333333, 1
2, 1386, 1, 1, 0, 0, 0.993466666666667, 1
2, 1387, 1, 1, 0, 0, 0.9996, 1
2, 1388, 1, 1, 0, 0, 0.9992, 1
2, 1389, 1, 1, 0, 0, 0.999866666666667, 1
2, 1390, 1, 1, 0, 0, 0.997333333333333, 1
2, 1391, 1, 1, 0, 0, 0.9988, 1
2, 1392, 1, 1, 0, 0, 0.995466666666667, 1
2, 1393, 1, 1, 0, 0, 0.999333333333333, 1
2, 1394, 1, 1, 0, 0, 0.9992, 1
2, 1395, 1, 1, 0, 0, 0.990133333333333, 1
2, 1396, 1, 1, 0, 0, 0.988533333333333, 1
2, 1397, 1, 1, 0, 0, 0.9996, 1
2, 1398, 1, 1, 0, 0, 0.998, 1
2, 1399, 1, 1, 0, 0, 0.999466666666667, 1
2, 1400, 1, 1, 0, 0, 1, 1
2, 1401, 1, 1, 0, 0, 0.9984, 1
2, 1402, 1, 1, 0, 0, 0.999066666666667, 1
2, 1403, 1, 1, 0, 0, 0.993866666666667, 1
2, 1404, 1, 1, 0, 0, 0.976266666666667, 1
2, 1405, 1, 1, 0, 0, 0.9992, 1
2, 1406, 1, 0, 0, 1, 0.916666666666667, 1
2, 1407, 1, 1, 0, 0, 0.999333333333333, 1
2, 1408, 1, 1, 0, 0, 0.999333333333333, 1
2, 1409, 1, 1, 0, 0, 0.998933333333333, 1
2, 1410, 1, 1, 0, 0, 0.999866666666667, 1
2, 1411, 1, 1, 0, 0, 1, 1
2, 1412, 1, 1, 0, 0, 0.999333333333333, 1
2, 1413, 1, 1, 0, 0, 0.996933333333333, 1
2, 1414, 1, 1, 0, 0, 0.9968, 1
2, 1415, 1, 0, 0, 1, 0.912666666666667, 1
2, 1416, 1, 1, 0, 0, 0.999866666666667, 1
2, 1417, 1, 1, 0, 0, 0.999733333333333, 1
2, 1418, 1, 1, 0, 0, 0.998533333333333, 1
2, 1419, 1, 1, 0, 0, 1, 1
2, 1420, 1, 1, 0, 0, 1, 1
2, 1421, 1, 1, 0, 0, 0.999733333333333, 1
2, 1422, 1, 1, 0, 0, 0.999866666666667, 1
2, 1423, 1, 1, 0, 0, 0.999733333333333, 1
2, 1424, 1, 1, 0, 0, 1, 1
2, 1425, 1, 1, 0, 0, 0.9984, 1
2, 1426, 1, 1, 0, 0, 0.999866666666667, 1
2, 1427, 1, 1, 0, 0, 0.9996, 1
2, 1428, 1, 1, 0, 0, 1, 1
2, 1429, 1, 1, 0, 0, 1, 1
2, 1430, 1, 1, 0, 0, 0.994933333333333, 1
2, 1431, 1, 1, 0, 0, 0.9972, 1
2, 1432, 1, 1, 0, 0, 0.999066666666667, 1
2, 1433, 1, 1, 0, 0, 0.992266666666667, 1
2, 1434, 1, 1, 0, 0, 1, 1
2, 1435, 1, 1, 0, 0, 0.9992, 1
2, 1436, 1, 1, 0, 0, 0.996933333333333, 1
2, 1437, 1, 1, 0, 0, 0.995066666666667, 1
2, 1438, 1, 1, 0, 0, 0.9996, 1
2, 1439, 1, 1, 0, 0, 0.995466666666667, 1
2, 1440, 1, 1, 0, 0, 0.9992, 1
2, 1441, 1, 1, 0, 0, 1, 1
2, 1442, 1, 1, 0, 0, 0.991733333333333, 1
2, 1443, 1, 1, 0, 0, 0.999866666666667, 1
2, 1444, 1, 1, 0, 0, 1, 1
2, 1445, 1, 1, 0, 0, 0.997866666666667, 1
2, 1446, 1, 1, 0, 0, 1, 1
2, 1447, 1, 0, 0, 1, 0.952933333333333, 1
2, 1448, 1, 1, 0, 0, 0.9988, 1
2, 1449, 1, 1, 0, 0, 0.9936, 1
2, 1450, 1, 1, 0, 0, 1, 1
2, 1451, 1, 1, 0, 0, 0.999866666666667, 1
2, 1452, 1, 1, 0, 0, 0.999733333333333, 1
2, 1453, 1, 1, 0, 0, 1, 1
2, 1454, 1, 1, 0, 0, 0.999333333333333, 1
2, 1455, 1, 1, 0, 0, 0.9956, 1
2, 1456, 1, 1, 0, 0, 0.9988, 1
2, 1457, 1, 1, 0, 0, 0.996133333333333, 1
2, 1458, 1, 1, 0, 0, 0.9996, 1
2, 1459, 1, 1, 0, 0, 1, 1
2, 1460, 1, 0, 0, 1, 0.8408, 1
2, 1461, 1, 1, 0, 0, 0.999733333333333, 1
2, 1462, 1, 1, 0, 0, 0.999066666666667, 1
2, 1463, 1, 1, 0, 0, 1, 1
2, 1464, 1, 1, 0, 0, 0.995866666666667, 1
2, 1465, 1, 1, 0, 0, 0.9896, 1
2, 1466, 1, 1, 0, 0, 0.997466666666667, 1
2, 1467, 1, 1, 0, 0, 0.9944, 1
2, 1468, 1, 1, 0, 0, 0.995733333333333, 1
2, 1469, 1, 1, 0, 0, 0.998666666666667, 1
2, 1470, 1, 1, 0, 0, 0.999333333333333, 1
2, 1471, 1, 1, 0, 0, 0.999733333333333, 1
2, 1472, 1, 1, 0, 0, 0.9924, 1
2, 1473, 1, 1, 0, 0, 0.9904, 1
2, 1474, 1, 1, 0, 0, 0.994933333333333, 1
2, 1475, 1, 1, 0, 0, 0.9972, 1
2, 1476, 1, 1, 0, 0, 0.999466666666667, 1
2, 1477, 1, 1, 0, 0, 0.999466666666667, 1
2, 1478, 1, 1, 0, 0, 0.9916, 1
2, 1479, 1, 1, 0, 0, 0.998666666666667, 1
2, 1480, 1, 1, 0, 0, 0.991333333333333, 1
2, 1481, 1, 1, 0, 0, 0.998533333333333, 1
2, 1482, 1, 1, 0, 0, 1, 1
2, 1483, 1, 1, 0, 0, 0.999466666666667, 1
2, 1484, 1, 1, 0, 0, 0.993333333333333, 1
2, 1485, 1, 1, 0, 0, 0.993733333333333, 1
2, 1486, 1, 1, 0, 0, 1, 1
2, 1487, 1, 1, 0, 0, 0.983866666666667, 1
2, 1488, 1, 1, 0, 0, 1, 1
2, 1489, 1, 1, 0, 0, 0.999866666666667, 1
2, 1490, 1, 1, 0, 0, 0.9996, 1
2, 1491, 1, 1, 0, 0, 0.9964, 1
2, 1492, 1, 1, 0, 0, 0.998133333333333, 1
2, 1493, 1, 1, 0, 0, 0.9984, 1
2, 1494, 1, 1, 0, 0, 1, 1
2, 1495, 1, 1, 0, 0, 1, 1
2, 1496, 1, 1, 0, 0, 0.9996, 1
2, 1497, 1, 1, 0, 0, 0.9992, 1
2, 1498, 1, 1, 0, 0, 0.996266666666667, 1
2, 1499, 1, 1, 0, 0, 0.998933333333333, 1
2, 1500, 1, 0, 0, 1, 0.5752, 1
2, 1501, 1, 1, 0, 0, 0.9988, 1
2, 1502, 1, 0, 0, 1, 0.886666666666667, 1
2, 1503, 1, 0, 0, 1, 0.4508, 1
2, 1504, 1, 0, 0, 1, 0.3488, 1
2, 1505, 1, 0, 0, 1, 0.8472, 1
2, 1506, 1, 0, 0, 1, 0.949733333333333, 1
2, 1507, 1, 0, 0, 1, 0.94, 1
2, 1508, 1, 0, 0, 1, 0.941466666666667, 1
2, 1509, 1, 0, 0, 1, 0.8796, 1
2, 1510, 1, 1, 0, 0, 0.991466666666667, 1
2, 1511, 1, 0, 0, 1, 0.6532, 1
2, 1512, 1, 1, 0, 0, 0.976, 1
2, 1513, 1, 0, 0, 1, 0.710533333333333, 1
2, 1514, 1, 0, 0, 1, 0.946266666666667, 1
2, 1515, 1, 0, 0, 1, 0.7964, 1
2, 1516, 1, 1, 0, 0, 0.99, 1
2, 1517, 1, 1, 0, 0, 0.986266666666667, 1
2, 1518, 1, 0, 0, 1, 0.9532, 1
2, 1519, 1, 0, 0, 1, 0.935733333333333, 1
2, 1520, 1, 1, 0, 0, 0.993466666666667, 1
2, 1521, 1, 1, 0, 0, 0.988533333333333, 1
2, 1522, 1, 0, 0, 1, 0.947466666666667, 1
2, 1523, 1, 1, 0, 0, 1, 1
2, 1524, 1, 1, 0, 0, 0.994666666666667, 1
2, 1525, 1, 0, 0, 1, 0.834666666666667, 1
2, 1526, 1, 0, 0, 1, 0.904, 1
2, 1527, 1, 0, 0, 1, 0.965866666666667, 1
2, 1528, 1, 0, 0, 1, 0.960933333333333, 1
2, 1529, 1, 0, 0, 1, 0.5716, 1
2, 1530, 1, 1, 0, 0, 0.977333333333333, 1
2, 1531, 1, 0, 0, 1, 0.9456, 1
2, 1532, 1, 0, 0, 1, 0.961733333333333, 1
2, 1533, 1, 0, 0, 1, 0.676933333333333, 1
2, 1534, 1, 1, 0, 0, 0.9772, 1
2, 1535, 1, 0, 0, 1, 0.748666666666667, 1
2, 1536, 1, 0, 0, 1, 0.916666666666667, 1
2, 1537, 1, 0, 0, 1, 0.487466666666667, 1
2, 1538, 1, 0, 0, 1, 0.787333333333333, 1
2, 1539, 1, 0, 0, 1, 0.898, 1
2, 1540, 1, 1, 0, 0, 0.9976, 1
2, 1541, 1, 0, 0, 1, 0.9352, 1
2, 1542, 1, 0, 0, 1, 0.771733333333333, 1
2, 1543, 1, 1, 0, 0, 0.981333333333333, 1
2, 1544, 1, 1, 0, 0, 1, 1
2, 1545, 1, 1, 0, 0, 0.999866666666667, 1
2, 1546, 1, 0, 0, 1, 0.878933333333333, 1
2, 1547, 1, 0, 0, 1, 0.591066666666667, 1
2, 1548, 1, 0, 0, 1, 0.811733333333333, 1
2, 1549, 1, 1, 0, 0, 0.993066666666667, 1
2, 1550, 1, 0, 0, 1, 0.636266666666667, 1
2, 1551, 1, 0, 0, 1, 0.818, 1
2, 1552, 1, 0, 0, 1, 0.9232, 1
2, 1553, 1, 0, 0, 1, 0.8644, 1
2, 1554, 1, 1, 0, 0, 0.998133333333333, 1
2, 1555, 1, 0, 0, 1, 0.9592, 1
2, 1556, 1, 0, 0, 1, 0.962, 1
2, 1557, 1, 1, 0, 0, 0.9996, 1
2, 1558, 1, 1, 0, 0, 0.9976, 1
2, 1559, 1, 1, 0, 0, 0.9976, 1
2, 1560, 1, 0, 0, 1, 0.954533333333333, 1
2, 1561, 1, 0, 0, 1, 0.515733333333333, 1
2, 1562, 1, 0, 0, 1, 0.9664, 1
2, 1563, 1, 0, 0, 1, 0.402666666666667, 1
2, 1564, 1, 0, 0, 1, 0.881333333333333, 1
2, 1565, 1, 0, 0, 1, 0.834666666666667, 1
2, 1566, 1, 0, 0, 1, 0.440266666666667, 1
2, 1567, 1, 0, 0, 1, 0.824, 1
2, 1568, 1, 1, 0, 0, 0.998533333333333, 1
2, 1569, 1, 0, 0, 1, 0.831066666666667, 1
2, 1570, 1, 1, 0, 0, 0.995333333333333, 1
2, 1571, 1, 0, 0, 1, 0.652133333333333, 1
2, 1572, 1, 1, 0, 0, 0.983466666666667, 1
2, 1573, 1, 0, 0, 1, 0.858266666666667, 1
2, 1574, 1, 0, 0, 1, 0.961733333333333, 1
2, 1575, 1, 1, 0, 0, 0.9936, 1
2, 1576, 1, 0, 0, 1, 0.879866666666667, 1
2, 1577, 1, 0, 0, 1, 0.765333333333333, 1
2, 1578, 1, 0, 0, 1, 0.3952, 1
2, 1579, 1, 0, 0, 1, 0.9416, 1
2, 1580, 1, 0, 0, 1, 0.748133333333333, 1
2, 1581, 1, 0, 0, 1, 0.942266666666667, 1
2, 1582, 1, 1, 0, 0, 0.9864, 1
2, 1583, 1, 0, 0, 1, 0.9496, 1
2, 1584, 1, 0, 0, 1, 0.8608, 1
2, 1585, 1, 0, 0, 1, 0.920266666666667, 1
2, 1586, 1, 0, 0, 1, 0.960266666666667, 1
2, 1587, 1, 0, 0, 1, 0.9328, 1
2, 1588, 1, 0, 0, 1, 0.895466666666667, 1
2, 1589, 1, 0, 0, 1, 0.753866666666667, 1
2, 1590, 1, 0, 0, 1, 0.6996, 1
2, 1591, 1, 0, 0, 1, 0.724133333333333, 1
2, 1592, 1, 1, 0, 0, 1, 1
2, 1593, 1, 0, 0, 1, 0.8616, 1
2, 1594, 1, 0, 0, 1, 0.957733333333333, 1
2, 1595, 1, 0, 0, 1, 0.828533333333333, 1
2, 1596, 1, 0, 0, 1, 0.8336, 1
2, 1597, 1, 1, 0, 0, 0.9996, 1
2, 1598, 1, 0, 0, 1, 0.763333333333333, 1
2, 1599, 1, 1, 0, 0, 0.9768, 1
2, 1600, 1, 0, 0, 1, 0.4092, 1
2, 1601, 1, 0, 1, 0, 0.0393333333333333, 1
2, 1602, 1, 0, 0, 1, 0.769466666666667, 1
2, 1603, 1, 0, 0, 1, 0.880533333333333, 1
2, 1604, 1, 0, 0, 1, 0.882, 1
2, 1605, 1, 0, 0, 1, 0.734, 1
2, 1606, 1, 1, 0, 0, 0.984666666666667, 1
2, 1607, 1, 0, 0, 1, 0.4884, 1
2, 1608, 1, 0, 0, 1, 0.264533333333333, 1
2, 1609, 1, 0, 0, 1, 0.204933333333333, 1
2, 1610, 1, 0, 0, 1, 0.777066666666667, 1
2, 1611, 1, 0, 0, 1, 0.421466666666667, 1
2, 1612, 1, 0, 0, 1, 0.251866666666667, 1
2, 1613, 1, 0, 0, 1, 0.351066666666667, 1
2, 1614, 1, 0, 0, 1, 0.612133333333333, 1
2, 1615, 1, 0, 0, 1, 0.825066666666667, 1
2, 1616, 1, 0, 1, 0, 0.0084, 1
2, 1617, 1, 0, 0, 1, 0.546533333333333, 1
2, 1618, 1, 0, 1, 0, 0.0196, 1
2, 1619, 1, 0, 0, 1, 0.156, 1
2, 1620, 1, 0, 0, 1, 0.553333333333333, 1
2, 1621, 1, 0, 0, 1, 0.2744, 1
2, 1622, 1, 0, 0, 1, 0.0684, 1
2, 1623, 1, 0, 0, 1, 0.589066666666667, 1
2, 1624, 1, 0, 0, 1, 0.8144, 1
2, 1625, 1, 0, 0, 1, 0.174266666666667, 1
2, 1626, 1, 0, 0, 1, 0.585866666666667, 1
2, 1627, 1, 0, 0, 1, 0.0752, 1
2, 1628, 1, 0, 1, 0, 0.0321333333333333, 1
2, 1629, 1, 0, 0, 1, 0.808933333333333, 1
2, 1630, 1, 0, 0, 1, 0.3924, 1
2, 1631, 1, 0, 0, 1, 0.1484, 1
2, 1632, 1, 1, 0, 0, 0.9972, 1
2, 1633, 1, 0, 0, 1, 0.1684, 1
2, 1634, 1, 0, 1, 0, 0.0458666666666667, 1
2, 1635, 1, 0, 0, 1, 0.797333333333333, 1
2, 1636, 1, 1, 0, 0, 0.996666666666667, 1
2, 1637, 1, 0, 0, 1, 0.666933333333333, 1
2, 1638, 1, 0, 0, 1, 0.778533333333333, 1
2, 1639, 1, 0, 0, 1, 0.2124, 1
2, 1640, 1, 0, 0, 1, 0.344933333333333, 1
2, 1641, 1, 0, 0, 1, 0.1212, 1
2, 1642, 1, 0, 0, 1, 0.322933333333333, 1
2, 1643, 1, 0, 0, 1, 0.946133333333333, 1
2, 1644, 1, 0, 0, 1, 0.465466666666667, 1
2, 1645, 1, 0, 0, 1, 0.291733333333333, 1
2, 1646, 1, 0, 0, 1, 0.836666666666667, 1
2, 1647, 1, 0, 0, 1, 0.7476, 1
2, 1648, 1, 0, 0, 1, 0.168266666666667, 1
2, 1649, 1, 0, 0, 1, 0.19, 1
2, 1650, 1, 0, 0, 1, 0.893066666666667, 1
2, 1651, 1, 0, 0, 1, 0.417866666666667, 1
2, 1652, 1, 0, 0, 1, 0.568, 1
2, 1653, 1, 0, 0, 1, 0.395866666666667, 1
2, 1654, 1, 0, 1, 0, 0.0484, 1
2, 1655, 1, 0, 0, 1, 0.827333333333333, 1
2, 1656, 1, 0, 0, 1, 0.255866666666667, 1
2, 1657, 1, 0, 0, 1, 0.516, 1
2, 1658, 1, 0, 0, 1, 0.5904, 1
2, 1659, 1, 0, 0, 1, 0.662133333333333, 1
2, 1660, 1, 0, 0, 1, 0.2432, 1
2, 1661, 1, 0, 0, 1, 0.782, 1
2, 1662, 1, 0, 0, 1, 0.911866666666667, 1
2, 1663, 1, 0, 0, 1, 0.833466666666667, 1
2, 1664, 1, 0, 0, 1, 0.0948, 1
2, 1665, 1, 0, 0, 1, 0.651733333333333, 1
2, 1666, 1, 0, 0, 1, 0.6732, 1
2, 1667, 1, 0, 0, 1, 0.806533333333333, 1
2, 1668, 1, 0, 0, 1, 0.5368, 1
2, 1669, 1, 0, 0, 1, 0.181466666666667, 1
2, 1670, 1, 0, 0, 1, 0.414933333333333, 1
2, 1671, 1, 0, 0, 1, 0.778533333333333, 1
2, 1672, 1, 0, 0, 1, 0.489466666666667, 1
2, 1673, 1, 0, 0, 1, 0.754133333333333, 1
2, 1674, 1, 0, 0, 1, 0.509466666666667, 1
2, 1675, 1, 0, 0, 1, 0.184533333333333, 1
2, 1676, 1, 0, 0, 1, 0.157066666666667, 1
2, 1677, 1, 0, 0, 1, 0.3416, 1
2, 1678, 1, 0, 0, 1, 0.609733333333333, 1
2, 1679, 1, 0, 0, 1, 0.265333333333333, 1
2, 1680, 1, 0, 0, 1, 0.1608, 1
2, 1681, 1, 0, 0, 1, 0.651866666666667, 1
2, 1682, 1, 0, 0, 1, 0.3656, 1
2, 1683, 1, 0, 0, 1, 0.414133333333333, 1
2, 1684, 1, 0, 0, 1, 0.276133333333333, 1
2, 1685, 1, 0, 0, 1, 0.938266666666667, 1
2, 1686, 1, 0, 0, 1, 0.3336, 1
2, 1687, 1, 0, 0, 1, 0.8176, 1
2, 1688, 1, 1, 0, 0, 0.992933333333333, 1
2, 1689, 1, 0, 0, 1, 0.158933333333333, 1
2, 1690, 1, 0, 0, 1, 0.329733333333333, 1
2, 1691, 1, 0, 0, 1, 0.764, 1
2, 1692, 1, 0, 0, 1, 0.9084, 1
2, 1693, 1, 0, 0, 1, 0.629333333333333, 1
2, 1694, 1, 0, 0, 1, 0.97, 1
2, 1695, 1, 0, 0, 1, 0.639866666666667, 1
2, 1696, 1, 0, 0, 1, 0.436933333333333, 1
2, 1697, 1, 0, 0, 1, 0.789733333333333, 1
2, 1698, 1, 0, 0, 1, 0.450533333333333, 1
2, 1699, 1, 0, 0, 1, 0.746533333333333, 1
2, 1700, 1, 0, 0, 1, 0.872266666666667, 1
2, 1701, 1, 1, 0, 0, 1, 1
2, 1702, 1, 1, 0, 0, 0.9964, 1
2, 1703, 1, 1, 0, 0, 0.996933333333333, 1
2, 1704, 1, 1, 0, 0, 0.997866666666667, 1
2, 1705, 1, 1, 0, 0, 0.9972, 1
2, 1706, 1, 0, 0, 1, 0.9196, 1
2, 1707, 1, 1, 0, 0, 0.988266666666667, 1
2, 1708, 1, 1, 0, 0, 0.996666666666667, 1
2, 1709, 1, 1, 0, 0, 0.980133333333333, 1
2, 1710, 1, 1, 0, 0, 0.990133333333333, 1
2, 1711, 1, 1, 0, 0, 0.999466666666667, 1
2, 1712, 1, 1, 0, 0, 0.994133333333333, 1
2, 1713, 1, 1, 0, 0, 1, 1
2, 1714, 1, 1, 0, 0, 0.999466666666667, 1
2, 1715, 1, 1, 0, 0, 0.996266666666667, 1
2, 1716, 1, 1, 0, 0, 0.995733333333333, 1
2, 1717, 1, 1, 0, 0, 0.992533333333333, 1
2, 1718, 1, 1, 0, 0, 0.992266666666667, 1
2, 1719, 1, 1, 0, 0, 0.991466666666667, 1
2, 1720, 1, 1, 0, 0, 0.993866666666667, 1
2, 1721, 1, 1, 0, 0, 0.998266666666667, 1
2, 1722, 1, 1, 0, 0, 0.998666666666667, 1
2, 1723, 1, 1, 0, 0, 0.9968, 1
2, 1724, 1, 1, 0, 0, 1, 1
2, 1725, 1, 1, 0, 0, 0.9992, 1
2, 1726, 1, 1, 0, 0, 0.996533333333333, 1
2, 1727, 1, 1, 0, 0, 0.992666666666667, 1
2, 1728, 1, 1, 0, 0, 0.997466666666667, 1
2, 1729, 1, 1, 0, 0, 0.9988, 1
2, 1730, 1, 1, 0, 0, 0.998533333333333, 1
2, 1731, 1, 1, 0, 0, 0.997866666666667, 1
2, 1732, 1, 1, 0, 0, 0.997066666666667, 1
2, 1733, 1, 1, 0, 0, 1, 1
2, 1734, 1, 1, 0, 0, 0.999866666666667, 1
2, 1735, 1, 1, 0, 0, 0.999333333333333, 1
2, 1736, 1, 1, 0, 0, 0.999866666666667, 1
2, 1737, 1, 1, 0, 0, 0.996133333333333, 1
2, 1738, 1, 1, 0, 0, 0.997066666666667, 1
2, 1739, 1, 1, 0, 0, 0.995466666666667, 1
2, 1740, 1, 1, 0, 0, 0.9948, 1
2, 1741, 1, 0, 0, 1, 0.9716, 1
2, 1742, 1, 1, 0, 0, 0.982533333333333, 1
2, 1743, 1, 1, 0, 0, 0.983333333333333, 1
2, 1744, 1, 1, 0, 0, 1, 1
2, 1745, 1, 1, 0, 0, 0.993333333333333, 1
2, 1746, 1, 1, 0, 0, 0.980666666666667, 1
2, 1747, 1, 1, 0, 0, 0.999466666666667, 1
2, 1748, 1, 1, 0, 0, 0.9984, 1
2, 1749, 1, 1, 0, 0, 0.999066666666667, 1
2, 1750, 1, 0, 0, 1, 0.872533333333333, 1
2, 1751, 1, 0, 0, 1, 0.9384, 1
2, 1752, 1, 1, 0, 0, 1, 1
2, 1753, 1, 1, 0, 0, 1, 1
2, 1754, 1, 1, 0, 0, 0.996266666666667, 1
2, 1755, 1, 1, 0, 0, 1, 1
2, 1756, 1, 1, 0, 0, 0.999333333333333, 1
2, 1757, 1, 1, 0, 0, 0.9968, 1
2, 1758, 1, 1, 0, 0, 0.990133333333333, 1
2, 1759, 1, 1, 0, 0, 0.999733333333333, 1
2, 1760, 1, 1, 0, 0, 1, 1
2, 1761, 1, 1, 0, 0, 0.993066666666667, 1
2, 1762, 1, 1, 0, 0, 0.980266666666667, 1
2, 1763, 1, 1, 0, 0, 0.993333333333333, 1
2, 1764, 1, 1, 0, 0, 0.985066666666667, 1
2, 1765, 1, 1, 0, 0, 0.998533333333333, 1
2, 1766, 1, 1, 0, 0, 0.994133333333333, 1
2, 1767, 1, 1, 0, 0, 0.9992, 1
2, 1768, 1, 1, 0, 0, 0.998533333333333, 1
2, 1769, 1, 1, 0, 0, 0.9988, 1
2, 1770, 1, 1, 0, 0, 0.998266666666667, 1
2, 1771, 1, 1, 0, 0, 0.9936, 1
2, 1772, 1, 1, 0, 0, 0.999866666666667, 1
2, 1773, 1, 1, 0, 0, 0.9936, 1
2, 1774, 1, 1, 0, 0, 0.999066666666667, 1
2, 1775, 1, 1, 0, 0, 0.999733333333333, 1
2, 1776, 1, 1, 0, 0, 1, 1
2, 1777, 1, 1, 0, 0, 0.975333333333333, 1
2, 1778, 1, 1, 0, 0, 0.999866666666667, 1
2, 1779, 1, 1, 0, 0, 0.9988, 1
2, 1780, 1, 1, 0, 0, 0.992933333333333, 1
2, 1781, 1, 0, 0, 1, 0.970133333333333, 1
2, 1782, 1, 1, 0, 0, 0.9972, 1
2, 1783, 1, 1, 0, 0, 0.9944, 1
2, 1784, 1, 1, 0, 0, 0.9964, 1
2, 1785, 1, 1, 0, 0, 1, 1
2, 1786, 1, 1, 0, 0, 0.999733333333333, 1
2, 1787, 1, 1, 0, 0, 0.997733333333333, 1
2, 1788, 1, 1, 0, 0, 0.999466666666667, 1
2, 1789, 1, 1, 0, 0, 0.997866666666667, 1
2, 1790, 1, 1, 0, 0, 0.9904, 1
2, 1791, 1, 1, 0, 0, 0.996933333333333, 1
2, 1792, 1, 1, 0, 0, 0.996933333333333, 1
2, 1793, 1, 1, 0, 0, 0.9996, 1
2, 1794, 1, 1, 0, 0, 0.987333333333333, 1
2, 1795, 1, 1, 0, 0, 0.996933333333333, 1
2, 1796, 1, 1, 0, 0, 0.997866666666667, 1
2, 1797, 1, 1, 0, 0, 0.999333333333333, 1
2, 1798, 1, 1, 0, 0, 0.999466666666667, 1
2, 1799, 1, 0, 0, 1, 0.9152, 1
2, 1800, 1, 1, 0, 0, 1, 1
2, 1801, 1, 1, 0, 0, 0.983466666666667, 1
2, 1802, 1, 1, 0, 0, 0.998533333333333, 1
2, 1803, 1, 1, 0, 0, 1, 1
2, 1804, 1, 1, 0, 0, 0.997466666666667, 1
2, 1805, 1, 1, 0, 0, 0.996133333333333, 1
2, 1806, 1, 1, 0, 0, 0.996533333333333, 1
2, 1807, 1, 1, 0, 0, 1, 1
2, 1808, 1, 1, 0, 0, 0.999733333333333, 1
2, 1809, 1, 1, 0, 0, 0.999466666666667, 1
2, 1810, 1, 1, 0, 0, 0.986133333333333, 1
2, 1811, 1, 1, 0, 0, 0.991733333333333, 1
2, 1812, 1, 1, 0, 0, 1, 1
2, 1813, 1, 1, 0, 0, 0.999733333333333, 1
2, 1814, 1, 1, 0, 0, 1, 1
2, 1815, 1, 1, 0, 0, 0.9808, 1
2, 1816, 1, 1, 0, 0, 0.9992, 1
2, 1817, 1, 1, 0, 0, 0.996666666666667, 1
2, 1818, 1, 1, 0, 0, 1, 1
2, 1819, 1, 1, 0, 0, 0.997733333333333, 1
2, 1820, 1, 1, 0, 0, 0.999466666666667, 1
2, 1821, 1, 1, 0, 0, 0.999733333333333, 1
2, 1822, 1, 1, 0, 0, 0.994933333333333, 1
2, 1823, 1, 1, 0, 0, 0.997066666666667, 1
2, 1824, 1, 1, 0, 0, 0.9928, 1
2, 1825, 1, 1, 0, 0, 1, 1
2, 1826, 1, 1, 0, 0, 0.9984, 1
2, 1827, 1, 1, 0, 0, 0.997466666666667, 1
2, 1828, 1, 1, 0, 0, 0.9948, 1
2, 1829, 1, 1, 0, 0, 0.9968, 1
2, 1830, 1, 1, 0, 0, 0.994933333333333, 1
2, 1831, 1, 1, 0, 0, 0.996933333333333, 1
2, 1832, 1, 1, 0, 0, 1, 1
2, 1833, 1, 1, 0, 0, 0.996533333333333, 1
2, 1834, 1, 1, 0, 0, 0.999733333333333, 1
2, 1835, 1, 1, 0, 0, 0.999733333333333, 1
2, 1836, 1, 1, 0, 0, 0.999466666666667, 1
2, 1837, 1, 0, 0, 1, 0.8684, 1
2, 1838, 1, 1, 0, 0, 0.981333333333333, 1
2, 1839, 1, 1, 0, 0, 0.9932, 1
2, 1840, 1, 1, 0, 0, 0.995866666666667, 1
2, 1841, 1, 0, 0, 1, 0.969466666666667, 1
2, 1842, 1, 1, 0, 0, 0.9976, 1
2, 1843, 1, 1, 0, 0, 0.998533333333333, 1
2, 1844, 1, 0, 0, 1, 0.942266666666667, 1
2, 1845, 1, 1, 0, 0, 0.9996, 1
2, 1846, 1, 1, 0, 0, 0.9956, 1
2, 1847, 1, 1, 0, 0, 0.9988, 1
2, 1848, 1, 1, 0, 0, 0.998266666666667, 1
2, 1849, 1, 1, 0, 0, 0.999866666666667, 1
2, 1850, 1, 1, 0, 0, 0.999466666666667, 1
2, 1851, 1, 1, 0, 0, 0.9996, 1
2, 1852, 1, 1, 0, 0, 0.999866666666667, 1
2, 1853, 1, 1, 0, 0, 0.9996, 1
2, 1854, 1, 1, 0, 0, 1, 1
2, 1855, 1, 1, 0, 0, 0.999866666666667, 1
2, 1856, 1, 1, 0, 0, 1, 1
2, 1857, 1, 1, 0, 0, 1, 1
2, 1858, 1, 1, 0, 0, 1, 1
2, 1859, 1, 1, 0, 0, 0.998666666666667, 1
2, 1860, 1, 1, 0, 0, 0.999333333333333, 1
2, 1861, 1, 1, 0, 0, 0.992533333333333, 1
2, 1862, 1, 1, 0, 0, 1, 1
2, 1863, 1, 1, 0, 0, 0.9952, 1
2, 1864, 1, 1, 0, 0, 0.9992, 1
2, 1865, 1, 1, 0, 0, 0.999333333333333, 1
2, 1866, 1, 0, 0, 1, 0.948266666666667, 1
2, 1867, 1, 1, 0, 0, 0.992666666666667, 1
2, 1868, 1, 1, 0, 0, 1, 1
2, 1869, 1, 1, 0, 0, 0.995733333333333, 1
2, 1870, 1, 1, 0, 0, 0.977066666666667, 1
2, 1871, 1, 1, 0, 0, 0.9868, 1
2, 1872, 1, 1, 0, 0, 0.999866666666667, 1
2, 1873, 1, 1, 0, 0, 0.995466666666667, 1
2, 1874, 1, 1, 0, 0, 0.9996, 1
2, 1875, 1, 1, 0, 0, 0.990266666666667, 1
2, 1876, 1, 1, 0, 0, 0.996266666666667, 1
2, 1877, 1, 0, 0, 1, 0.8188, 1
2, 1878, 1, 1, 0, 0, 0.9784, 1
2, 1879, 1, 1, 0, 0, 1, 1
2, 1880, 1, 1, 0, 0, 1, 1
2, 1881, 1, 1, 0, 0, 0.9988, 1
2, 1882, 1, 1, 0, 0, 0.989333333333333, 1
2, 1883, 1, 1, 0, 0, 0.996666666666667, 1
2, 1884, 1, 1, 0, 0, 0.9892, 1
2, 1885, 1, 1, 0, 0, 1, 1
2, 1886, 1, 1, 0, 0, 0.999733333333333, 1
2, 1887, 1, 1, 0, 0, 0.982, 1
2, 1888, 1, 1, 0, 0, 0.9996, 1
2, 1889, 1, 1, 0, 0, 0.9996, 1
2, 1890, 1, 1, 0, 0, 0.989866666666667, 1
2, 1891, 1, 1, 0, 0, 0.999066666666667, 1
2, 1892, 1, 1, 0, 0, 0.9968, 1
2, 1893, 1, 1, 0, 0, 0.9956, 1
2, 1894, 1, 1, 0, 0, 0.999866666666667, 1
2, 1895, 1, 1, 0, 0, 0.998666666666667, 1
2, 1896, 1, 1, 0, 0, 0.999866666666667, 1
2, 1897, 1, 1, 0, 0, 0.999733333333333, 1
2, 1898, 1, 1, 0, 0, 0.996933333333333, 1
2, 1899, 1, 1, 0, 0, 0.9988, 1
2, 1900, 1, 1, 0, 0, 0.9992, 1
2, 1901, 1, 0, 0, 1, 0.855466666666667, 1
2, 1902, 1, 0, 0, 1, 0.768533333333333, 1
2, 1903, 1, 0, 0, 1, 0.4712, 1
2, 1904, 1, 0, 0, 1, 0.5832, 1
2, 1905, 1, 1, 0, 0, 0.993066666666667, 1
2, 1906, 1, 0, 0, 1, 0.841866666666667, 1
2, 1907, 1, 0, 0, 1, 0.902933333333333, 1
2, 1908, 1, 0, 0, 1, 0.961866666666667, 1
2, 1909, 1, 0, 0, 1, 0.9416, 1
2, 1910, 1, 0, 0, 1, 0.9604, 1
2, 1911, 1, 1, 0, 0, 0.9932, 1
2, 1912, 1, 0, 0, 1, 0.814, 1
2, 1913, 1, 0, 0, 1, 0.9172, 1
2, 1914, 1, 0, 0, 1, 0.521466666666667, 1
2, 1915, 1, 1, 0, 0, 0.996533333333333, 1
2, 1916, 1, 0, 0, 1, 0.0616, 1
2, 1917, 1, 0, 0, 1, 0.717066666666667, 1
2, 1918, 1, 0, 0, 1, 0.952533333333333, 1
2, 1919, 1, 0, 0, 1, 0.9164, 1
2, 1920, 1, 0, 0, 1, 0.811733333333333, 1
2, 1921, 1, 0, 0, 1, 0.895333333333333, 1
2, 1922, 1, 1, 0, 0, 0.9844, 1
2, 1923, 1, 0, 0, 1, 0.8812, 1
2, 1924, 1, 1, 0, 0, 0.9972, 1
2, 1925, 1, 0, 0, 1, 0.868133333333333, 1
2, 1926, 1, 0, 0, 1, 0.695066666666667, 1
2, 1927, 1, 0, 0, 1, 0.697733333333333, 1
2, 1928, 1, 0, 0, 1, 0.7984, 1
2, 1929, 1, 0, 0, 1, 0.419866666666667, 1
2, 1930, 1, 0, 0, 1, 0.9416, 1
2, 1931, 1, 0, 0, 1, 0.968, 1
2, 1932, 1, 0, 0, 1, 0.941866666666667, 1
2, 1933, 1, 0, 0, 1, 0.849333333333333, 1
2, 1934, 1, 0, 0, 1, 0.7652, 1
2, 1935, 1, 0, 0, 1, 0.813733333333333, 1
2, 1936, 1, 1, 0, 0, 0.986, 1
2, 1937, 1, 0, 0, 1, 0.963333333333333, 1
2, 1938, 1, 0, 0, 1, 0.967466666666667, 1
2, 1939, 1, 1, 0, 0, 0.9864, 1
2, 1940, 1, 0, 0, 1, 0.887466666666667, 1
2, 1941, 1, 0, 0, 1, 0.950933333333333, 1
2, 1942, 1, 0, 0, 1, 0.741333333333333, 1
2, 1943, 1, 0, 0, 1, 0.869866666666667, 1
2, 1944, 1, 1, 0, 0, 0.9984, 1
2, 1945, 1, 0, 0, 1, 0.862933333333333, 1
2, 1946, 1, 0, 0, 1, 0.878533333333333, 1
2, 1947, 1, 0, 0, 1, 0.9696, 1
2, 1948, 1, 0, 0, 1, 0.6236, 1
2, 1949, 1, 1, 0, 0, 0.999866666666667, 1
2, 1950, 1, 0, 0, 1, 0.9044, 1
2, 1951, 1, 0, 0, 1, 0.886666666666667, 1
2, 1952, 1, 0, 0, 1, 0.888266666666667, 1
2, 1953, 1, 0, 0, 1, 0.827866666666667, 1
2, 1954, 1, 0, 0, 1, 0.706266666666667, 1
2, 1955, 1, 0, 0, 1, 0.6288, 1
2, 1956, 1, 1, 0, 0, 0.9988, 1
2, 1957, 1, 1, 0, 0, 0.989066666666667, 1
2, 1958, 1, 0, 0, 1, 0.952666666666667, 1
2, 1959, 1, 0, 0, 1, 0.862266666666667, 1
2, 1960, 1, 0, 0, 1, 0.921866666666667, 1
2, 1961, 1, 0, 0, 1, 0.561066666666667, 1
2, 1962, 1, 0, 0, 1, 0.846, 1
2, 1963, 1, 0, 0, 1, 0.765333333333333, 1
2, 1964, 1, 0, 0, 1, 0.815066666666667, 1
2, 1965, 1, 0, 0, 1, 0.965733333333333, 1
2, 1966, 1, 0, 0, 1, 0.6412, 1
2, 1967, 1, 1, 0, 0, 0.997733333333333, 1
2, 1968, 1, 1, 0, 0, 0.9844, 1
2, 1969, 1, 0, 0, 1, 0.815466666666667, 1
2, 1970, 1, 0, 0, 1, 0.910666666666667, 1
2, 1971, 1, 0, 0, 1, 0.958, 1
2, 1972, 1, 0, 0, 1, 0.333866666666667, 1
2, 1973, 1, 1, 0, 0, 0.997866666666667, 1
2, 1974, 1, 0, 0, 1, 0.4136, 1
2, 1975, 1, 0, 0, 1, 0.9652, 1
2, 1976, 1, 1, 0, 0, 0.9956, 1
2, 1977, 1, 0, 0, 1, 0.946666666666667, 1
2, 1978, 1, 0, 0, 1, 0.888933333333333, 1
2, 1979, 1, 1, 0, 0, 0.997466666666667, 1
2, 1980, 1, 1, 0, 0, 0.981866666666667, 1
2, 1981, 1, 1, 0, 0, 0.998133333333333, 1
2, 1982, 1, 0, 0, 1, 0.9316, 1
2, 1983, 1, 0, 0, 1, 0.7672, 1
2, 1984, 1, 0, 0, 1, 0.8976, 1
2, 1985, 1, 0, 0, 1, 0.698133333333333, 1
2, 1986, 1, 1, 0, 0, 0.9996, 1
2, 1987, 1, 0, 0, 1, 0.966933333333333, 1
2, 1988, 1, 0, 0, 1, 0.607866666666667, 1
2, 1989, 1, 0, 0, 1, 0.884, 1
2, 1990, 1, 1, 0, 0, 0.9944, 1
2, 1991, 1, 0, 0, 1, 0.941466666666667, 1
2, 1992, 1, 1, 0, 0, 0.996666666666667, 1
2, 1993, 1, 1, 0, 0, 0.988933333333333, 1
2, 1994, 1, 0, 0, 1, 0.9584, 1
2, 1995, 1, 1, 0, 0, 0.986933333333333, 1
2, 1996, 1, 0, 0, 1, 0.5344, 1
2, 1997, 1, 1, 0, 0, 0.994666666666667, 1
2, 1998, 1, 1, 0, 0, 0.9772, 1
2, 1999, 1, 0, 0, 1, 0.463466666666667, 1
2, 2000, 1, 0, 0, 1, 0.944266666666667, 1
