8, 1, 1, 0, 0, 1, 0.522666666666667, 1
8, 2, 1, 0, 0, 1, 0.57, 1
8, 3, 1, 0, 0, 1, 0.114933333333333, 1
8, 4, 1, 0, 0, 1, 0.904266666666667, 1
8, 5, 1, 0, 0, 1, 0.1964, 1
8, 6, 1, 0, 0, 1, 0.470666666666667, 1
8, 7, 1, 0, 0, 1, 0.882666666666667, 1
8, 8, 1, 0, 0, 1, 0.4208, 1
8, 9, 1, 0, 0, 1, 0.486, 1
8, 10, 1, 0, 0, 1, 0.4876, 1
8, 11, 1, 0, 0, 1, 0.680666666666667, 1
8, 12, 1, 0, 0, 1, 0.0289333333333333, 1
8, 13, 1, 0, 0, 1, 0.235866666666667, 1
8, 14, 1, 0, 0, 1, 0.0505333333333333, 1
8, 15, 1, 0, 0, 1, 0.675066666666667, 1
8, 16, 1, 0, 0, 1, 0.549066666666667, 1
8, 17, 1, 0, 0, 1, 0.196933333333333, 1
8, 18, 1, 1, 0, 0, 0.9996, 1
8, 19, 1, 0, 0, 1, 0.399333333333333, 1
8, 20, 1, 0, 0, 1, 0.696133333333333, 1
8, 21, 1, 0, 0, 1, 0.6968, 1
8, 22, 1, 0, 0, 1, 0.0608, 1
8, 23, 1, 0, 0, 1, 0.1328, 1
8, 24, 1, 0, 0, 1, 0.7992, 1
8, 25, 1, 0, 0, 1, 0.518266666666667, 1
8, 26, 1, 0, 0, 1, 0.746133333333333, 1
8, 27, 1, 0, 0, 1, 0.850266666666667, 1
8, 28, 1, 0, 0, 1, 0.234266666666667, 1
8, 29, 1, 0, 0, 1, 0.221733333333333, 1
8, 30, 1, 0, 0, 1, 0.489333333333333, 1
8, 31, 1, 0, 0, 1, 0.3572, 1
8, 32, 1, 0, 0, 1, 0.052, 1
8, 33, 1, 0, 0, 1, 0.7228, 1
8, 34, 1, 0, 0, 1, 0.907733333333333, 1
8, 35, 1, 0, 0, 1, 0.613466666666667, 1
8, 36, 1, 0, 0, 1, 0.0233333333333333, 1
8, 37, 1, 0, 0, 1, 0.411866666666667, 1
8, 38, 1, 0, 0, 1, 0.842533333333333, 1
8, 39, 1, 0, 0, 1, 0.4648, 1
8, 40, 1, 0, 0, 1, 0.392266666666667, 1
8, 41, 1, 0, 0, 1, 0.108533333333333, 1
8, 42, 1, 0, 0, 1, 0.902, 1
8, 43, 1, 0, 0, 1, 0.726933333333333, 1
8, 44, 1, 0, 0, 1, 0.833333333333333, 1
8, 45, 1, 0, 0, 1, 0.5388, 1
8, 46, 1, 0, 0, 1, 0.668533333333333, 1
8, 47, 1, 0, 0, 1, 0.0868, 1
8, 48, 1, 0, 0, 1, 0.39, 1
8, 49, 1, 0, 0, 1, 0.265466666666667, 1
8, 50, 1, 0, 0, 1, 0.847066666666667, 1
8, 51, 1, 0, 0, 1, 0.196666666666667, 1
8, 52, 1, 0, 0, 1, 0.634666666666667, 1
8, 53, 1, 0, 0, 1, 0.588666666666667, 1
8, 54, 1, 0, 0, 1, 0.7984, 1
8, 55, 1, 0, 0, 1, 0.191066666666667, 1
8, 56, 1, 0, 0, 1, 0.375066666666667, 1
8, 57, 1, 0, 0, 1, 0.762533333333333, 1
8, 58, 1, 0, 0, 1, 0.752266666666667, 1
8, 59, 1, 0, 0, 1, 0.5684, 1
8, 60, 1, 0, 0, 1, 0.868133333333333, 1
8, 61, 1, 0, 0, 1, 0.0101333333333333, 1
8, 62, 1, 0, 0, 1, 0.8724, 1
8, 63, 1, 0, 0, 1, 0.747866666666667, 1
8, 64, 1, 0, 0, 1, 0.8556, 1
8, 65, 1, 0, 0, 1, 0.196, 1
8, 66, 1, 0, 0, 1, 0.177466666666667, 1
8, 67, 1, 0, 0, 1, 0.7792, 1
8, 68, 1, 0, 0, 1, 0.2552, 1
8, 69, 1, 0, 0, 1, 0.4604, 1
8, 70, 1, 0, 0, 1, 0.4964, 1
8, 71, 1, 0, 0, 1, 0.3232, 1
8, 72, 1, 0, 0, 1, 0.657733333333333, 1
8, 73, 1, 0, 0, 1, 0.764133333333333, 1
8, 74, 1, 0, 0, 1, 0.569866666666667, 1
8, 75, 1, 0, 0, 1, 0.1756, 1
8, 76, 1, 0, 0, 1, 0.0341333333333333, 1
8, 77, 1, 0, 0, 1, 0.832533333333333, 1
8, 78, 1, 0, 0, 1, 0.0453333333333333, 1
8, 79, 1, 0, 0, 1, 0.5132, 1
8, 80, 1, 0, 0, 1, 0.2128, 1
8, 81, 1, 0, 0, 1, 0.884266666666667, 1
8, 82, 1, 0, 0, 1, 0.7568, 1
8, 83, 1, 0, 0, 1, 0.866666666666667, 1
8, 84, 1, 0, 0, 1, 0.4168, 1
8, 85, 1, 0, 0, 1, 0.372666666666667, 1
8, 86, 1, 0, 0, 1, 0.560933333333333, 1
8, 87, 1, 0, 0, 1, 0.0624, 1
8, 88, 1, 0, 0, 1, 0.142933333333333, 1
8, 89, 1, 0, 0, 1, 0.3632, 1
8, 90, 1, 0, 0, 1, 0.128266666666667, 1
8, 91, 1, 0, 0, 1, 0.424133333333333, 1
8, 92, 1, 0, 0, 1, 0.587866666666667, 1
8, 93, 1, 0, 0, 1, 0.429333333333333, 1
8, 94, 1, 0, 0, 1, 0.9308, 1
8, 95, 1, 0, 0, 1, 0.1532, 1
8, 96, 1, 0, 0, 1, 0.224133333333333, 1
8, 97, 1, 0, 0, 1, 0.279066666666667, 1
8, 98, 1, 0, 0, 1, 0.514533333333333, 1
8, 99, 1, 0, 0, 1, 0.669733333333333, 1
8, 100, 1, 0, 0, 1, 0.799733333333333, 1
8, 101, 1, 1, 0, 0, 0.999866666666667, 1
8, 102, 1, 1, 0, 0, 0.9952, 1
8, 103, 1, 1, 0, 0, 0.997866666666667, 1
8, 104, 1, 1, 0, 0, 0.9964, 1
8, 105, 1, 1, 0, 0, 0.994933333333333, 1
8, 106, 1, 1, 0, 0, 0.999066666666667, 1
8, 107, 1, 0, 0, 1, 0.9856, 1
8, 108, 1, 1, 0, 0, 1, 1
8, 109, 1, 0, 0, 1, 0.972933333333333, 1
8, 110, 1, 0, 0, 1, 0.988533333333333, 1
8, 111, 1, 0, 0, 1, 0.986533333333333, 1
8, 112, 1, 1, 0, 0, 1, 1
8, 113, 1, 1, 0, 0, 0.999733333333333, 1
8, 114, 1, 1, 0, 0, 0.999866666666667, 1
8, 115, 1, 0, 0, 1, 0.981066666666667, 1
8, 116, 1, 1, 0, 0, 0.9996, 1
8, 117, 1, 1, 0, 0, 1, 1
8, 118, 1, 1, 0, 0, 1, 1
8, 119, 1, 0, 0, 1, 0.9668, 1
8, 120, 1, 1, 0, 0, 1, 1
8, 121, 1, 1, 0, 0, 0.998266666666667, 1
8, 122, 1, 1, 0, 0, 1, 1
8, 123, 1, 1, 0, 0, 0.999333333333333, 1
8, 124, 1, 1, 0, 0, 0.999333333333333, 1
8, 125, 1, 1, 0, 0, 0.998666666666667, 1
8, 126, 1, 1, 0, 0, 0.998266666666667, 1
8, 127, 1, 1, 0, 0, 0.999733333333333, 1
8, 128, 1, 1, 0, 0, 0.997733333333333, 1
8, 129, 1, 1, 0, 0, 0.999866666666667, 1
8, 130, 1, 1, 0, 0, 0.999866666666667, 1
8, 131, 1, 1, 0, 0, 0.998933333333333, 1
8, 132, 1, 1, 0, 0, 0.999066666666667, 1
8, 133, 1, 1, 0, 0, 0.9992, 1
8, 134, 1, 1, 0, 0, 0.999866666666667, 1
8, 135, 1, 1, 0, 0, 1, 1
8, 136, 1, 1, 0, 0, 1, 1
8, 137, 1, 1, 0, 0, 1, 1
8, 138, 1, 1, 0, 0, 1, 1
8, 139, 1, 1, 0, 0, 0.998666666666667, 1
8, 140, 1, 1, 0, 0, 0.999333333333333, 1
8, 141, 1, 1, 0, 0, 0.9996, 1
8, 142, 1, 1, 0, 0, 0.999866666666667, 1
8, 143, 1, 0, 0, 1, 0.9892, 1
8, 144, 1, 1, 0, 0, 0.999466666666667, 1
8, 145, 1, 1, 0, 0, 0.998, 1
8, 146, 1, 1, 0, 0, 0.990933333333333, 1
8, 147, 1, 1, 0, 0, 0.999866666666667, 1
8, 148, 1, 1, 0, 0, 0.997066666666667, 1
8, 149, 1, 1, 0, 0, 0.9996, 1
8, 150, 1, 1, 0, 0, 1, 1
8, 151, 1, 0, 0, 1, 0.931866666666667, 1
8, 152, 1, 1, 0, 0, 0.998666666666667, 1
8, 153, 1, 0, 0, 1, 0.9152, 1
8, 154, 1, 1, 0, 0, 0.9996, 1
8, 155, 1, 1, 0, 0, 0.999333333333333, 1
8, 156, 1, 1, 0, 0, 0.996666666666667, 1
8, 157, 1, 1, 0, 0, 0.995066666666667, 1
8, 158, 1, 1, 0, 0, 0.998, 1
8, 159, 1, 1, 0, 0, 1, 1
8, 160, 1, 0, 0, 1, 0.967733333333333, 1
8, 161, 1, 1, 0, 0, 0.993066666666667, 1
8, 162, 1, 1, 0, 0, 0.998, 1
8, 163, 1, 1, 0, 0, 1, 1
8, 164, 1, 1, 0, 0, 0.9996, 1
8, 165, 1, 1, 0, 0, 0.9996, 1
8, 166, 1, 1, 0, 0, 0.9996, 1
8, 167, 1, 1, 0, 0, 0.999333333333333, 1
8, 168, 1, 1, 0, 0, 0.9996, 1
8, 169, 1, 0, 0, 1, 0.963466666666667, 1
8, 170, 1, 1, 0, 0, 0.996266666666667, 1
8, 171, 1, 0, 0, 1, 0.9872, 1
8, 172, 1, 1, 0, 0, 0.998266666666667, 1
8, 173, 1, 1, 0, 0, 0.993333333333333, 1
8, 174, 1, 1, 0, 0, 0.997466666666667, 1
8, 175, 1, 1, 0, 0, 0.999733333333333, 1
8, 176, 1, 1, 0, 0, 0.999866666666667, 1
8, 177, 1, 1, 0, 0, 0.999866666666667, 1
8, 178, 1, 1, 0, 0, 0.998533333333333, 1
8, 179, 1, 1, 0, 0, 0.9996, 1
8, 180, 1, 0, 0, 1, 0.959466666666667, 1
8, 181, 1, 1, 0, 0, 1, 1
8, 182, 1, 1, 0, 0, 0.9968, 1
8, 183, 1, 1, 0, 0, 0.998533333333333, 1
8, 184, 1, 1, 0, 0, 0.9996, 1
8, 185, 1, 1, 0, 0, 0.9996, 1
8, 186, 1, 0, 0, 1, 0.969333333333333, 1
8, 187, 1, 1, 0, 0, 0.9948, 1
8, 188, 1, 1, 0, 0, 0.998666666666667, 1
8, 189, 1, 0, 0, 1, 0.943333333333333, 1
8, 190, 1, 1, 0, 0, 0.9996, 1
8, 191, 1, 0, 0, 1, 0.9736, 1
8, 192, 1, 1, 0, 0, 0.997466666666667, 1
8, 193, 1, 0, 0, 1, 0.936933333333333, 1
8, 194, 1, 1, 0, 0, 1, 1
8, 195, 1, 1, 0, 0, 1, 1
8, 196, 1, 1, 0, 0, 1, 1
8, 197, 1, 1, 0, 0, 0.991466666666667, 1
8, 198, 1, 1, 0, 0, 0.998666666666667, 1
8, 199, 1, 0, 0, 1, 0.987866666666667, 1
8, 200, 1, 1, 0, 0, 0.999733333333333, 1
8, 201, 1, 0, 0, 1, 0.982, 1
8, 202, 1, 1, 0, 0, 0.999066666666667, 1
8, 203, 1, 1, 0, 0, 0.997866666666667, 1
8, 204, 1, 1, 0, 0, 0.998666666666667, 1
8, 205, 1, 1, 0, 0, 1, 1
8, 206, 1, 1, 0, 0, 1, 1
8, 207, 1, 1, 0, 0, 0.996666666666667, 1
8, 208, 1, 0, 0, 1, 0.988666666666667, 1
8, 209, 1, 1, 0, 0, 0.998133333333333, 1
8, 210, 1, 1, 0, 0, 1, 1
8, 211, 1, 1, 0, 0, 0.9944, 1
8, 212, 1, 1, 0, 0, 0.994, 1
8, 213, 1, 1, 0, 0, 0.999333333333333, 1
8, 214, 1, 1, 0, 0, 1, 1
8, 215, 1, 1, 0, 0, 0.9952, 1
8, 216, 1, 1, 0, 0, 1, 1
8, 217, 1, 0, 0, 1, 0.924666666666667, 1
8, 218, 1, 0, 0, 1, 0.900933333333333, 1
8, 219, 1, 0, 0, 1, 0.984666666666667, 1
8, 220, 1, 1, 0, 0, 1, 1
8, 221, 1, 1, 0, 0, 0.9992, 1
8, 222, 1, 1, 0, 0, 1, 1
8, 223, 1, 1, 0, 0, 0.9996, 1
8, 224, 1, 1, 0, 0, 0.9972, 1
8, 225, 1, 1, 0, 0, 0.9964, 1
8, 226, 1, 1, 0, 0, 0.998666666666667, 1
8, 227, 1, 1, 0, 0, 1, 1
8, 228, 1, 1, 0, 0, 0.996133333333333, 1
8, 229, 1, 1, 0, 0, 0.998666666666667, 1
8, 230, 1, 1, 0, 0, 1, 1
8, 231, 1, 0, 0, 1, 0.962266666666667, 1
8, 232, 1, 1, 0, 0, 1, 1
8, 233, 1, 1, 0, 0, 0.9988, 1
8, 234, 1, 1, 0, 0, 0.999866666666667, 1
8, 235, 1, 0, 0, 1, 0.988, 1
8, 236, 1, 1, 0, 0, 0.9952, 1
8, 237, 1, 1, 0, 0, 0.9996, 1
8, 238, 1, 1, 0, 0, 1, 1
8, 239, 1, 1, 0, 0, 0.998666666666667, 1
8, 240, 1, 1, 0, 0, 0.994933333333333, 1
8, 241, 1, 1, 0, 0, 0.999466666666667, 1
8, 242, 1, 1, 0, 0, 1, 1
8, 243, 1, 1, 0, 0, 1, 1
8, 244, 1, 1, 0, 0, 0.999466666666667, 1
8, 245, 1, 1, 0, 0, 0.993333333333333, 1
8, 246, 1, 1, 0, 0, 0.999733333333333, 1
8, 247, 1, 1, 0, 0, 0.997333333333333, 1
8, 248, 1, 1, 0, 0, 0.999866666666667, 1
8, 249, 1, 1, 0, 0, 1, 1
8, 250, 1, 0, 0, 1, 0.983466666666667, 1
8, 251, 1, 1, 0, 0, 0.998133333333333, 1
8, 252, 1, 1, 0, 0, 1, 1
8, 253, 1, 1, 0, 0, 0.999733333333333, 1
8, 254, 1, 1, 0, 0, 1, 1
8, 255, 1, 1, 0, 0, 1, 1
8, 256, 1, 0, 0, 1, 0.931466666666667, 1
8, 257, 1, 1, 0, 0, 0.999866666666667, 1
8, 258, 1, 1, 0, 0, 1, 1
8, 259, 1, 1, 0, 0, 1, 1
8, 260, 1, 1, 0, 0, 1, 1
8, 261, 1, 1, 0, 0, 1, 1
8, 262, 1, 1, 0, 0, 1, 1
8, 263, 1, 1, 0, 0, 1, 1
8, 264, 1, 1, 0, 0, 0.998533333333333, 1
8, 265, 1, 1, 0, 0, 0.9924, 1
8, 266, 1, 1, 0, 0, 0.996266666666667, 1
8, 267, 1, 1, 0, 0, 1, 1
8, 268, 1, 1, 0, 0, 0.999733333333333, 1
8, 269, 1, 0, 0, 1, 0.945733333333333, 1
8, 270, 1, 0, 0, 1, 0.974533333333333, 1
8, 271, 1, 1, 0, 0, 0.994933333333333, 1
8, 272, 1, 1, 0, 0, 0.999733333333333, 1
8, 273, 1, 1, 0, 0, 1, 1
8, 274, 1, 0, 0, 1, 0.917466666666667, 1
8, 275, 1, 1, 0, 0, 1, 1
8, 276, 1, 1, 0, 0, 0.999733333333333, 1
8, 277, 1, 1, 0, 0, 0.990266666666667, 1
8, 278, 1, 1, 0, 0, 0.9956, 1
8, 279, 1, 0, 0, 1, 0.968533333333333, 1
8, 280, 1, 1, 0, 0, 0.9996, 1
8, 281, 1, 1, 0, 0, 1, 1
8, 282, 1, 1, 0, 0, 0.997066666666667, 1
8, 283, 1, 0, 0, 1, 0.9136, 1
8, 284, 1, 1, 0, 0, 0.997333333333333, 1
8, 285, 1, 0, 0, 1, 0.9828, 1
8, 286, 1, 1, 0, 0, 0.993066666666667, 1
8, 287, 1, 1, 0, 0, 1, 1
8, 288, 1, 0, 0, 1, 0.984666666666667, 1
8, 289, 1, 1, 0, 0, 0.999866666666667, 1
8, 290, 1, 1, 0, 0, 0.9976, 1
8, 291, 1, 1, 0, 0, 0.999333333333333, 1
8, 292, 1, 0, 0, 1, 0.99, 1
8, 293, 1, 1, 0, 0, 0.993466666666667, 1
8, 294, 1, 1, 0, 0, 0.999866666666667, 1
8, 295, 1, 1, 0, 0, 0.992133333333333, 1
8, 296, 1, 1, 0, 0, 1, 1
8, 297, 1, 1, 0, 0, 0.998266666666667, 1
8, 298, 1, 0, 0, 1, 0.9268, 1
8, 299, 1, 1, 0, 0, 0.996133333333333, 1
8, 300, 1, 1, 0, 0, 0.999733333333333, 1
8, 301, 1, 1, 0, 0, 0.998666666666667, 1
8, 302, 1, 1, 0, 0, 1, 1
8, 303, 1, 1, 0, 0, 1, 1
8, 304, 1, 0, 0, 1, 0.989066666666667, 1
8, 305, 1, 1, 0, 0, 1, 1
8, 306, 1, 1, 0, 0, 0.999866666666667, 1
8, 307, 1, 1, 0, 0, 1, 1
8, 308, 1, 1, 0, 0, 0.999866666666667, 1
8, 309, 1, 1, 0, 0, 0.999733333333333, 1
8, 310, 1, 1, 0, 0, 1, 1
8, 311, 1, 1, 0, 0, 0.996533333333333, 1
8, 312, 1, 0, 0, 1, 0.987333333333333, 1
8, 313, 1, 1, 0, 0, 1, 1
8, 314, 1, 1, 0, 0, 0.999866666666667, 1
8, 315, 1, 1, 0, 0, 0.999733333333333, 1
8, 316, 1, 1, 0, 0, 0.998133333333333, 1
8, 317, 1, 1, 0, 0, 0.996266666666667, 1
8, 318, 1, 1, 0, 0, 1, 1
8, 319, 1, 1, 0, 0, 0.9996, 1
8, 320, 1, 1, 0, 0, 1, 1
8, 321, 1, 1, 0, 0, 0.999733333333333, 1
8, 322, 1, 1, 0, 0, 0.9988, 1
8, 323, 1, 1, 0, 0, 0.9996, 1
8, 324, 1, 1, 0, 0, 0.999733333333333, 1
8, 325, 1, 1, 0, 0, 1, 1
8, 326, 1, 1, 0, 0, 0.9988, 1
8, 327, 1, 1, 0, 0, 1, 1
8, 328, 1, 1, 0, 0, 0.992533333333333, 1
8, 329, 1, 1, 0, 0, 1, 1
8, 330, 1, 0, 0, 1, 0.987333333333333, 1
8, 331, 1, 1, 0, 0, 0.999866666666667, 1
8, 332, 1, 1, 0, 0, 1, 1
8, 333, 1, 0, 0, 1, 0.9344, 1
8, 334, 1, 1, 0, 0, 0.9932, 1
8, 335, 1, 1, 0, 0, 1, 1
8, 336, 1, 0, 0, 1, 0.9868, 1
8, 337, 1, 1, 0, 0, 1, 1
8, 338, 1, 1, 0, 0, 0.9976, 1
8, 339, 1, 1, 0, 0, 0.9996, 1
8, 340, 1, 1, 0, 0, 1, 1
8, 341, 1, 1, 0, 0, 1, 1
8, 342, 1, 1, 0, 0, 1, 1
8, 343, 1, 1, 0, 0, 1, 1
8, 344, 1, 0, 0, 1, 0.989066666666667, 1
8, 345, 1, 1, 0, 0, 1, 1
8, 346, 1, 1, 0, 0, 0.998666666666667, 1
8, 347, 1, 1, 0, 0, 1, 1
8, 348, 1, 1, 0, 0, 0.994266666666667, 1
8, 349, 1, 0, 0, 1, 0.970133333333333, 1
8, 350, 1, 1, 0, 0, 0.999333333333333, 1
8, 351, 1, 1, 0, 0, 1, 1
8, 352, 1, 1, 0, 0, 0.9976, 1
8, 353, 1, 1, 0, 0, 1, 1
8, 354, 1, 1, 0, 0, 0.998133333333333, 1
8, 355, 1, 0, 0, 1, 0.9644, 1
8, 356, 1, 1, 0, 0, 0.993066666666667, 1
8, 357, 1, 1, 0, 0, 1, 1
8, 358, 1, 1, 0, 0, 0.999866666666667, 1
8, 359, 1, 1, 0, 0, 0.998533333333333, 1
8, 360, 1, 1, 0, 0, 1, 1
8, 361, 1, 1, 0, 0, 0.9992, 1
8, 362, 1, 0, 0, 1, 0.961466666666667, 1
8, 363, 1, 1, 0, 0, 0.9996, 1
8, 364, 1, 1, 0, 0, 0.9988, 1
8, 365, 1, 1, 0, 0, 0.999866666666667, 1
8, 366, 1, 0, 0, 1, 0.983866666666667, 1
8, 367, 1, 0, 0, 1, 0.987733333333333, 1
8, 368, 1, 1, 0, 0, 0.996666666666667, 1
8, 369, 1, 1, 0, 0, 0.999866666666667, 1
8, 370, 1, 1, 0, 0, 0.992666666666667, 1
8, 371, 1, 0, 0, 1, 0.956933333333333, 1
8, 372, 1, 1, 0, 0, 0.9984, 1
8, 373, 1, 0, 0, 1, 0.913866666666667, 1
8, 374, 1, 1, 0, 0, 1, 1
8, 375, 1, 1, 0, 0, 0.999866666666667, 1
8, 376, 1, 1, 0, 0, 1, 1
8, 377, 1, 1, 0, 0, 1, 1
8, 378, 1, 1, 0, 0, 0.998533333333333, 1
8, 379, 1, 1, 0, 0, 1, 1
8, 380, 1, 1, 0, 0, 0.999866666666667, 1
8, 381, 1, 1, 0, 0, 0.994, 1
8, 382, 1, 1, 0, 0, 0.999066666666667, 1
8, 383, 1, 1, 0, 0, 0.998933333333333, 1
8, 384, 1, 1, 0, 0, 1, 1
8, 385, 1, 0, 0, 1, 0.978, 1
8, 386, 1, 1, 0, 0, 1, 1
8, 387, 1, 0, 0, 1, 0.974133333333333, 1
8, 388, 1, 1, 0, 0, 1, 1
8, 389, 1, 1, 0, 0, 0.998933333333333, 1
8, 390, 1, 1, 0, 0, 0.994, 1
8, 391, 1, 1, 0, 0, 0.9996, 1
8, 392, 1, 1, 0, 0, 0.999466666666667, 1
8, 393, 1, 1, 0, 0, 0.999333333333333, 1
8, 394, 1, 1, 0, 0, 0.998133333333333, 1
8, 395, 1, 0, 0, 1, 0.9888, 1
8, 396, 1, 1, 0, 0, 1, 1
8, 397, 1, 1, 0, 0, 0.998, 1
8, 398, 1, 1, 0, 0, 0.999733333333333, 1
8, 399, 1, 1, 0, 0, 0.999733333333333, 1
8, 400, 1, 1, 0, 0, 0.999066666666667, 1
8, 401, 1, 0, 0, 1, 0.790133333333333, 1
8, 402, 1, 0, 0, 1, 0.571866666666667, 1
8, 403, 1, 0, 0, 1, 0.4908, 1
8, 404, 1, 0, 0, 1, 0.817733333333333, 1
8, 405, 1, 0, 0, 1, 0.46, 1
8, 406, 1, 0, 0, 1, 0.14, 1
8, 407, 1, 0, 0, 1, 0.141866666666667, 1
8, 408, 1, 0, 0, 1, 0.502, 1
8, 409, 1, 0, 0, 1, 0.760533333333333, 1
8, 410, 1, 0, 0, 1, 0.317466666666667, 1
8, 411, 1, 0, 0, 1, 0.344266666666667, 1
8, 412, 1, 0, 0, 1, 0.6392, 1
8, 413, 1, 0, 0, 1, 0.0868, 1
8, 414, 1, 0, 0, 1, 0.6548, 1
8, 415, 1, 0, 0, 1, 0.5472, 1
8, 416, 1, 0, 0, 1, 0.183066666666667, 1
8, 417, 1, 0, 0, 1, 0.799466666666667, 1
8, 418, 1, 0, 0, 1, 0.6836, 1
8, 419, 1, 0, 0, 1, 0.194666666666667, 1
8, 420, 1, 0, 0, 1, 0.442266666666667, 1
8, 421, 1, 0, 0, 1, 0.8336, 1
8, 422, 1, 0, 0, 1, 0.278, 1
8, 423, 1, 0, 0, 1, 0.852533333333333, 1
8, 424, 1, 0, 0, 1, 0.254266666666667, 1
8, 425, 1, 0, 0, 1, 0.684133333333333, 1
8, 426, 1, 0, 0, 1, 0.4848, 1
8, 427, 1, 0, 0, 1, 0.985733333333333, 1
8, 428, 1, 0, 0, 1, 0.428133333333333, 1
8, 429, 1, 0, 0, 1, 0.431066666666667, 1
8, 430, 1, 0, 0, 1, 0.634666666666667, 1
8, 431, 1, 0, 0, 1, 0.2408, 1
8, 432, 1, 0, 0, 1, 0.784933333333333, 1
8, 433, 1, 0, 0, 1, 0.7152, 1
8, 434, 1, 0, 0, 1, 0.511733333333333, 1
8, 435, 1, 0, 0, 1, 0.560133333333333, 1
8, 436, 1, 0, 0, 1, 0.313333333333333, 1
8, 437, 1, 0, 0, 1, 0.843333333333333, 1
8, 438, 1, 0, 0, 1, 0.822933333333333, 1
8, 439, 1, 0, 0, 1, 0.7192, 1
8, 440, 1, 0, 0, 1, 0.175333333333333, 1
8, 441, 1, 0, 0, 1, 0.3364, 1
8, 442, 1, 0, 0, 1, 0.703866666666667, 1
8, 443, 1, 0, 0, 1, 0.299866666666667, 1
8, 444, 1, 0, 0, 1, 0.123866666666667, 1
8, 445, 1, 0, 0, 1, 0.2416, 1
8, 446, 1, 0, 0, 1, 0.393333333333333, 1
8, 447, 1, 0, 0, 1, 0.5868, 1
8, 448, 1, 0, 0, 1, 0.974933333333333, 1
8, 449, 1, 0, 0, 1, 0.6284, 1
8, 450, 1, 0, 0, 1, 0.19, 1
8, 451, 1, 0, 0, 1, 0.2428, 1
8, 452, 1, 0, 0, 1, 0.928, 1
8, 453, 1, 0, 0, 1, 0.125866666666667, 1
8, 454, 1, 0, 0, 1, 0.4296, 1
8, 455, 1, 0, 0, 1, 0.804, 1
8, 456, 1, 0, 0, 1, 0.336933333333333, 1
8, 457, 1, 0, 0, 1, 0.3272, 1
8, 458, 1, 0, 0, 1, 0.3088, 1
8, 459, 1, 1, 0, 0, 0.9992, 1
8, 460, 1, 0, 0, 1, 0.901066666666667, 1
8, 461, 1, 0, 0, 1, 0.769733333333333, 1
8, 462, 1, 0, 0, 1, 0.580933333333333, 1
8, 463, 1, 0, 0, 1, 0.564933333333333, 1
8, 464, 1, 0, 0, 1, 0.0677333333333333, 1
8, 465, 1, 0, 0, 1, 0.472666666666667, 1
8, 466, 1, 0, 0, 1, 0.962266666666667, 1
8, 467, 1, 0, 0, 1, 0.0441333333333333, 1
8, 468, 1, 0, 0, 1, 0.4236, 1
8, 469, 1, 0, 0, 1, 0.686933333333333, 1
8, 470, 1, 1, 0, 0, 0.9912, 1
8, 471, 1, 0, 0, 1, 0.2648, 1
8, 472, 1, 0, 0, 1, 0.955066666666667, 1
8, 473, 1, 0, 0, 1, 0.599466666666667, 1
8, 474, 1, 0, 0, 1, 0.233733333333333, 1
8, 475, 1, 0, 0, 1, 0.575066666666667, 1
8, 476, 1, 0, 0, 1, 0.6612, 1
8, 477, 1, 0, 0, 1, 0.366, 1
8, 478, 1, 0, 0, 1, 0.7924, 1
8, 479, 1, 0, 0, 1, 0.376933333333333, 1
8, 480, 1, 0, 0, 1, 0.301066666666667, 1
8, 481, 1, 0, 0, 1, 0.7232, 1
8, 482, 1, 0, 0, 1, 0.590533333333333, 1
8, 483, 1, 0, 0, 1, 0.9144, 1
8, 484, 1, 0, 0, 1, 0.528533333333333, 1
8, 485, 1, 0, 0, 1, 0.183733333333333, 1
8, 486, 1, 0, 0, 1, 0.697733333333333, 1
8, 487, 1, 0, 0, 1, 0.0417333333333333, 1
8, 488, 1, 0, 0, 1, 0.5924, 1
8, 489, 1, 0, 0, 1, 0.4688, 1
8, 490, 1, 0, 0, 1, 0.219733333333333, 1
8, 491, 1, 0, 0, 1, 0.0293333333333333, 1
8, 492, 1, 0, 0, 1, 0.1216, 1
8, 493, 1, 0, 0, 1, 0.258533333333333, 1
8, 494, 1, 0, 0, 1, 0.700133333333333, 1
8, 495, 1, 0, 0, 1, 0.374, 1
8, 496, 1, 0, 0, 1, 0.6272, 1
8, 497, 1, 0, 0, 1, 0.624266666666667, 1
8, 498, 1, 0, 0, 1, 0.7264, 1
8, 499, 1, 0, 0, 1, 0.964533333333333, 1
8, 500, 1, 0, 0, 1, 0.251866666666667, 1
8, 501, 1, 1, 0, 0, 1, 1
8, 502, 1, 1, 0, 0, 1, 1
8, 503, 1, 1, 0, 0, 1, 1
8, 504, 1, 1, 0, 0, 1, 1
8, 505, 1, 1, 0, 0, 0.9996, 1
8, 506, 1, 1, 0, 0, 1, 1
8, 507, 1, 1, 0, 0, 0.9992, 1
8, 508, 1, 1, 0, 0, 0.998533333333333, 1
8, 509, 1, 1, 0, 0, 0.9956, 1
8, 510, 1, 1, 0, 0, 0.990933333333333, 1
8, 511, 1, 1, 0, 0, 0.999733333333333, 1
8, 512, 1, 1, 0, 0, 0.9984, 1
8, 513, 1, 1, 0, 0, 0.995333333333333, 1
8, 514, 1, 1, 0, 0, 0.999733333333333, 1
8, 515, 1, 1, 0, 0, 1, 1
8, 516, 1, 1, 0, 0, 1, 1
8, 517, 1, 1, 0, 0, 1, 1
8, 518, 1, 1, 0, 0, 0.999466666666667, 1
8, 519, 1, 1, 0, 0, 0.999866666666667, 1
8, 520, 1, 1, 0, 0, 0.992, 1
8, 521, 1, 1, 0, 0, 0.9944, 1
8, 522, 1, 1, 0, 0, 1, 1
8, 523, 1, 0, 0, 1, 0.976133333333333, 1
8, 524, 1, 1, 0, 0, 0.998533333333333, 1
8, 525, 1, 1, 0, 0, 1, 1
8, 526, 1, 0, 0, 1, 0.939866666666667, 1
8, 527, 1, 1, 0, 0, 0.992266666666667, 1
8, 528, 1, 1, 0, 0, 0.999866666666667, 1
8, 529, 1, 1, 0, 0, 1, 1
8, 530, 1, 0, 0, 1, 0.851066666666667, 1
8, 531, 1, 1, 0, 0, 0.997866666666667, 1
8, 532, 1, 1, 0, 0, 0.9992, 1
8, 533, 1, 1, 0, 0, 0.999866666666667, 1
8, 534, 1, 1, 0, 0, 1, 1
8, 535, 1, 1, 0, 0, 1, 1
8, 536, 1, 1, 0, 0, 0.999866666666667, 1
8, 537, 1, 1, 0, 0, 0.998266666666667, 1
8, 538, 1, 1, 0, 0, 0.999466666666667, 1
8, 539, 1, 0, 0, 1, 0.987333333333333, 1
8, 540, 1, 1, 0, 0, 0.999066666666667, 1
8, 541, 1, 1, 0, 0, 1, 1
8, 542, 1, 1, 0, 0, 1, 1
8, 543, 1, 1, 0, 0, 0.999866666666667, 1
8, 544, 1, 1, 0, 0, 1, 1
8, 545, 1, 1, 0, 0, 1, 1
8, 546, 1, 1, 0, 0, 1, 1
8, 547, 1, 1, 0, 0, 1, 1
8, 548, 1, 0, 0, 1, 0.971066666666667, 1
8, 549, 1, 1, 0, 0, 0.999333333333333, 1
8, 550, 1, 0, 0, 1, 0.985466666666667, 1
8, 551, 1, 1, 0, 0, 1, 1
8, 552, 1, 1, 0, 0, 1, 1
8, 553, 1, 1, 0, 0, 0.9968, 1
8, 554, 1, 1, 0, 0, 1, 1
8, 555, 1, 1, 0, 0, 1, 1
8, 556, 1, 1, 0, 0, 0.998, 1
8, 557, 1, 1, 0, 0, 1, 1
8, 558, 1, 1, 0, 0, 1, 1
8, 559, 1, 0, 0, 1, 0.973333333333333, 1
8, 560, 1, 1, 0, 0, 0.9996, 1
8, 561, 1, 0, 0, 1, 0.986266666666667, 1
8, 562, 1, 1, 0, 0, 1, 1
8, 563, 1, 1, 0, 0, 0.9932, 1
8, 564, 1, 1, 0, 0, 0.9972, 1
8, 565, 1, 1, 0, 0, 1, 1
8, 566, 1, 1, 0, 0, 1, 1
8, 567, 1, 1, 0, 0, 1, 1
8, 568, 1, 1, 0, 0, 0.995466666666667, 1
8, 569, 1, 1, 0, 0, 0.998533333333333, 1
8, 570, 1, 1, 0, 0, 0.997066666666667, 1
8, 571, 1, 0, 0, 1, 0.989866666666667, 1
8, 572, 1, 1, 0, 0, 1, 1
8, 573, 1, 1, 0, 0, 1, 1
8, 574, 1, 1, 0, 0, 1, 1
8, 575, 1, 1, 0, 0, 0.999333333333333, 1
8, 576, 1, 1, 0, 0, 0.999866666666667, 1
8, 577, 1, 1, 0, 0, 0.999866666666667, 1
8, 578, 1, 1, 0, 0, 0.991866666666667, 1
8, 579, 1, 1, 0, 0, 0.9992, 1
8, 580, 1, 1, 0, 0, 0.9992, 1
8, 581, 1, 0, 0, 1, 0.9784, 1
8, 582, 1, 1, 0, 0, 0.9984, 1
8, 583, 1, 1, 0, 0, 0.9984, 1
8, 584, 1, 1, 0, 0, 0.994266666666667, 1
8, 585, 1, 1, 0, 0, 0.990133333333333, 1
8, 586, 1, 1, 0, 0, 0.9976, 1
8, 587, 1, 0, 0, 1, 0.986133333333333, 1
8, 588, 1, 1, 0, 0, 0.999866666666667, 1
8, 589, 1, 1, 0, 0, 1, 1
8, 590, 1, 1, 0, 0, 0.999733333333333, 1
8, 591, 1, 1, 0, 0, 0.994666666666667, 1
8, 592, 1, 1, 0, 0, 0.997466666666667, 1
8, 593, 1, 1, 0, 0, 0.999733333333333, 1
8, 594, 1, 1, 0, 0, 0.9996, 1
8, 595, 1, 1, 0, 0, 1, 1
8, 596, 1, 1, 0, 0, 0.999333333333333, 1
8, 597, 1, 1, 0, 0, 0.9936, 1
8, 598, 1, 1, 0, 0, 0.998933333333333, 1
8, 599, 1, 1, 0, 0, 0.997466666666667, 1
8, 600, 1, 1, 0, 0, 1, 1
8, 601, 1, 1, 0, 0, 0.996933333333333, 1
8, 602, 1, 0, 0, 1, 0.945866666666667, 1
8, 603, 1, 1, 0, 0, 0.997466666666667, 1
8, 604, 1, 0, 0, 1, 0.987866666666667, 1
8, 605, 1, 1, 0, 0, 0.9976, 1
8, 606, 1, 1, 0, 0, 0.999866666666667, 1
8, 607, 1, 1, 0, 0, 0.999866666666667, 1
8, 608, 1, 0, 0, 1, 0.9796, 1
8, 609, 1, 1, 0, 0, 0.996533333333333, 1
8, 610, 1, 1, 0, 0, 0.9968, 1
8, 611, 1, 0, 0, 1, 0.9736, 1
8, 612, 1, 1, 0, 0, 0.994666666666667, 1
8, 613, 1, 0, 0, 1, 0.915466666666667, 1
8, 614, 1, 1, 0, 0, 0.997866666666667, 1
8, 615, 1, 0, 0, 1, 0.988933333333333, 1
8, 616, 1, 1, 0, 0, 0.992533333333333, 1
8, 617, 1, 1, 0, 0, 0.995066666666667, 1
8, 618, 1, 1, 0, 0, 0.9984, 1
8, 619, 1, 0, 0, 1, 0.913333333333333, 1
8, 620, 1, 0, 0, 1, 0.960266666666667, 1
8, 621, 1, 0, 0, 1, 0.836533333333333, 1
8, 622, 1, 1, 0, 0, 1, 1
8, 623, 1, 0, 0, 1, 0.718266666666667, 1
8, 624, 1, 0, 0, 1, 0.7084, 1
8, 625, 1, 1, 0, 0, 0.998933333333333, 1
8, 626, 1, 0, 0, 1, 0.987066666666667, 1
8, 627, 1, 1, 0, 0, 0.9968, 1
8, 628, 1, 0, 0, 1, 0.795066666666667, 1
8, 629, 1, 1, 0, 0, 0.9908, 1
8, 630, 1, 0, 0, 1, 0.969733333333333, 1
8, 631, 1, 0, 0, 1, 0.973333333333333, 1
8, 632, 1, 0, 0, 1, 0.915066666666667, 1
8, 633, 1, 0, 0, 1, 0.967866666666667, 1
8, 634, 1, 0, 0, 1, 0.872666666666667, 1
8, 635, 1, 0, 0, 1, 0.3784, 1
8, 636, 1, 1, 0, 0, 0.999866666666667, 1
8, 637, 1, 0, 0, 1, 0.910666666666667, 1
8, 638, 1, 0, 0, 1, 0.7412, 1
8, 639, 1, 1, 0, 0, 0.996, 1
8, 640, 1, 0, 0, 1, 0.982133333333333, 1
8, 641, 1, 1, 0, 0, 0.9976, 1
8, 642, 1, 0, 0, 1, 0.9144, 1
8, 643, 1, 0, 0, 1, 0.988266666666667, 1
8, 644, 1, 1, 0, 0, 1, 1
8, 645, 1, 0, 0, 1, 0.898933333333333, 1
8, 646, 1, 0, 0, 1, 0.984266666666667, 1
8, 647, 1, 1, 0, 0, 0.994933333333333, 1
8, 648, 1, 1, 0, 0, 1, 1
8, 649, 1, 1, 0, 0, 0.9972, 1
8, 650, 1, 1, 0, 0, 0.995066666666667, 1
8, 651, 1, 1, 0, 0, 0.995466666666667, 1
8, 652, 1, 0, 0, 1, 0.966133333333333, 1
8, 653, 1, 0, 0, 1, 0.9804, 1
8, 654, 1, 1, 0, 0, 1, 1
8, 655, 1, 0, 0, 1, 0.985733333333333, 1
8, 656, 1, 0, 0, 1, 0.985466666666667, 1
8, 657, 1, 1, 0, 0, 0.998933333333333, 1
8, 658, 1, 0, 0, 1, 0.9888, 1
8, 659, 1, 0, 0, 1, 0.948266666666667, 1
8, 660, 1, 0, 0, 1, 0.5492, 1
8, 661, 1, 1, 0, 0, 0.998533333333333, 1
8, 662, 1, 0, 0, 1, 0.977333333333333, 1
8, 663, 1, 0, 0, 1, 0.967866666666667, 1
8, 664, 1, 0, 0, 1, 0.882933333333333, 1
8, 665, 1, 1, 0, 0, 0.993333333333333, 1
8, 666, 1, 1, 0, 0, 0.9972, 1
8, 667, 1, 1, 0, 0, 0.999866666666667, 1
8, 668, 1, 0, 0, 1, 0.631733333333333, 1
8, 669, 1, 0, 0, 1, 0.944666666666667, 1
8, 670, 1, 1, 0, 0, 0.994, 1
8, 671, 1, 0, 0, 1, 0.531733333333333, 1
8, 672, 1, 0, 0, 1, 0.979466666666667, 1
8, 673, 1, 1, 0, 0, 0.999333333333333, 1
8, 674, 1, 0, 0, 1, 0.9496, 1
8, 675, 1, 1, 0, 0, 0.9992, 1
8, 676, 1, 0, 0, 1, 0.986133333333333, 1
8, 677, 1, 1, 0, 0, 0.999066666666667, 1
8, 678, 1, 1, 0, 0, 0.9992, 1
8, 679, 1, 1, 0, 0, 1, 1
8, 680, 1, 0, 0, 1, 0.960266666666667, 1
8, 681, 1, 0, 0, 1, 0.9552, 1
8, 682, 1, 1, 0, 0, 1, 1
8, 683, 1, 0, 0, 1, 0.953066666666667, 1
8, 684, 1, 0, 0, 1, 0.834133333333333, 1
8, 685, 1, 0, 0, 1, 0.8748, 1
8, 686, 1, 1, 0, 0, 0.996933333333333, 1
8, 687, 1, 1, 0, 0, 0.998, 1
8, 688, 1, 1, 0, 0, 0.999733333333333, 1
8, 689, 1, 0, 0, 1, 0.900933333333333, 1
8, 690, 1, 1, 0, 0, 0.9964, 1
8, 691, 1, 1, 0, 0, 0.997733333333333, 1
8, 692, 1, 0, 0, 1, 0.933066666666667, 1
8, 693, 1, 0, 0, 1, 0.983466666666667, 1
8, 694, 1, 1, 0, 0, 0.9956, 1
8, 695, 1, 1, 0, 0, 0.992666666666667, 1
8, 696, 1, 1, 0, 0, 0.997333333333333, 1
8, 697, 1, 1, 0, 0, 0.999866666666667, 1
8, 698, 1, 0, 0, 1, 0.985733333333333, 1
8, 699, 1, 1, 0, 0, 0.994266666666667, 1
8, 700, 1, 0, 0, 1, 0.933066666666667, 1
8, 701, 1, 1, 0, 0, 0.9984, 1
8, 702, 1, 0, 0, 1, 0.983466666666667, 1
8, 703, 1, 0, 0, 1, 0.974, 1
8, 704, 1, 0, 0, 1, 0.967466666666667, 1
8, 705, 1, 0, 0, 1, 0.746266666666667, 1
8, 706, 1, 0, 0, 1, 0.7596, 1
8, 707, 1, 1, 0, 0, 0.995333333333333, 1
8, 708, 1, 1, 0, 0, 1, 1
8, 709, 1, 1, 0, 0, 0.999866666666667, 1
8, 710, 1, 1, 0, 0, 0.9984, 1
8, 711, 1, 1, 0, 0, 1, 1
8, 712, 1, 0, 0, 1, 0.948133333333333, 1
8, 713, 1, 1, 0, 0, 0.9992, 1
8, 714, 1, 0, 0, 1, 0.9868, 1
8, 715, 1, 1, 0, 0, 0.999733333333333, 1
8, 716, 1, 1, 0, 0, 0.999866666666667, 1
8, 717, 1, 0, 0, 1, 0.987866666666667, 1
8, 718, 1, 1, 0, 0, 0.995066666666667, 1
8, 719, 1, 0, 0, 1, 0.796, 1
8, 720, 1, 0, 0, 1, 0.984533333333333, 1
8, 721, 1, 0, 0, 1, 0.937866666666667, 1
8, 722, 1, 0, 0, 1, 0.976933333333333, 1
8, 723, 1, 0, 0, 1, 0.860133333333333, 1
8, 724, 1, 1, 0, 0, 0.998933333333333, 1
8, 725, 1, 0, 0, 1, 0.9404, 1
8, 726, 1, 1, 0, 0, 0.998666666666667, 1
8, 727, 1, 1, 0, 0, 0.998533333333333, 1
8, 728, 1, 1, 0, 0, 0.9908, 1
8, 729, 1, 1, 0, 0, 0.9952, 1
8, 730, 1, 1, 0, 0, 0.9996, 1
8, 731, 1, 0, 0, 1, 0.949066666666667, 1
8, 732, 1, 1, 0, 0, 0.999466666666667, 1
8, 733, 1, 0, 0, 1, 0.982266666666667, 1
8, 734, 1, 0, 0, 1, 0.9504, 1
8, 735, 1, 0, 0, 1, 0.9584, 1
8, 736, 1, 1, 0, 0, 0.998266666666667, 1
8, 737, 1, 1, 0, 0, 0.992133333333333, 1
8, 738, 1, 1, 0, 0, 0.998933333333333, 1
8, 739, 1, 1, 0, 0, 0.9952, 1
8, 740, 1, 0, 0, 1, 0.929066666666667, 1
8, 741, 1, 0, 0, 1, 0.977333333333333, 1
8, 742, 1, 1, 0, 0, 1, 1
8, 743, 1, 0, 0, 1, 0.967733333333333, 1
8, 744, 1, 0, 0, 1, 0.902666666666667, 1
8, 745, 1, 1, 0, 0, 0.990266666666667, 1
8, 746, 1, 0, 0, 1, 0.9528, 1
8, 747, 1, 1, 0, 0, 0.998533333333333, 1
8, 748, 1, 0, 0, 1, 0.978266666666667, 1
8, 749, 1, 0, 0, 1, 0.9792, 1
8, 750, 1, 0, 0, 1, 0.966, 1
8, 751, 1, 0, 0, 1, 0.2524, 1
8, 752, 1, 1, 0, 0, 0.9996, 1
8, 753, 1, 0, 0, 1, 0.915066666666667, 1
8, 754, 1, 0, 0, 1, 0.9888, 1
8, 755, 1, 1, 0, 0, 0.9908, 1
8, 756, 1, 0, 0, 1, 0.896533333333333, 1
8, 757, 1, 0, 0, 1, 0.963066666666667, 1
8, 758, 1, 1, 0, 0, 0.997733333333333, 1
8, 759, 1, 0, 0, 1, 0.9616, 1
8, 760, 1, 0, 0, 1, 0.797466666666667, 1
8, 761, 1, 1, 0, 0, 0.9924, 1
8, 762, 1, 1, 0, 0, 0.997466666666667, 1
8, 763, 1, 0, 0, 1, 0.9776, 1
8, 764, 1, 0, 0, 1, 0.963066666666667, 1
8, 765, 1, 1, 0, 0, 0.998666666666667, 1
8, 766, 1, 0, 0, 1, 0.871733333333333, 1
8, 767, 1, 0, 0, 1, 0.986, 1
8, 768, 1, 0, 0, 1, 0.953066666666667, 1
8, 769, 1, 1, 0, 0, 0.9996, 1
8, 770, 1, 1, 0, 0, 0.999733333333333, 1
8, 771, 1, 1, 0, 0, 0.994133333333333, 1
8, 772, 1, 0, 0, 1, 0.649333333333333, 1
8, 773, 1, 0, 0, 1, 0.978, 1
8, 774, 1, 0, 0, 1, 0.945333333333333, 1
8, 775, 1, 0, 0, 1, 0.844933333333333, 1
8, 776, 1, 1, 0, 0, 0.993733333333333, 1
8, 777, 1, 0, 0, 1, 0.9588, 1
8, 778, 1, 0, 0, 1, 0.633466666666667, 1
8, 779, 1, 0, 0, 1, 0.9816, 1
8, 780, 1, 1, 0, 0, 0.9996, 1
8, 781, 1, 0, 0, 1, 0.977333333333333, 1
8, 782, 1, 0, 0, 1, 0.6456, 1
8, 783, 1, 1, 0, 0, 0.9968, 1
8, 784, 1, 1, 0, 0, 1, 1
8, 785, 1, 1, 0, 0, 0.998666666666667, 1
8, 786, 1, 0, 0, 1, 0.9696, 1
8, 787, 1, 1, 0, 0, 1, 1
8, 788, 1, 0, 0, 1, 0.8832, 1
8, 789, 1, 1, 0, 0, 0.996133333333333, 1
8, 790, 1, 1, 0, 0, 1, 1
8, 791, 1, 0, 0, 1, 0.8796, 1
8, 792, 1, 0, 0, 1, 0.941733333333333, 1
8, 793, 1, 1, 0, 0, 0.9904, 1
8, 794, 1, 1, 0, 0, 1, 1
8, 795, 1, 1, 0, 0, 1, 1
8, 796, 1, 1, 0, 0, 0.998933333333333, 1
8, 797, 1, 1, 0, 0, 0.9996, 1
8, 798, 1, 1, 0, 0, 1, 1
8, 799, 1, 0, 0, 1, 0.914266666666667, 1
8, 800, 1, 0, 0, 1, 0.989733333333333, 1
8, 801, 1, 0, 0, 1, 0.3232, 1
8, 802, 1, 0, 0, 1, 0.233333333333333, 1
8, 803, 1, 0, 0, 1, 0.864666666666667, 1
8, 804, 1, 0, 0, 1, 0.841466666666667, 1
8, 805, 1, 0, 0, 1, 0.946133333333333, 1
8, 806, 1, 0, 0, 1, 0.447733333333333, 1
8, 807, 1, 0, 0, 1, 0.616, 1
8, 808, 1, 0, 0, 1, 0.1104, 1
8, 809, 1, 0, 0, 1, 0.258933333333333, 1
8, 810, 1, 0, 0, 1, 0.853333333333333, 1
8, 811, 1, 0, 0, 1, 0.655066666666667, 1
8, 812, 1, 0, 0, 1, 0.6732, 1
8, 813, 1, 0, 0, 1, 0.707066666666667, 1
8, 814, 1, 0, 0, 1, 0.474, 1
8, 815, 1, 0, 0, 1, 0.1728, 1
8, 816, 1, 0, 0, 1, 0.7176, 1
8, 817, 1, 0, 0, 1, 0.178533333333333, 1
8, 818, 1, 0, 0, 1, 0.294, 1
8, 819, 1, 0, 0, 1, 0.7152, 1
8, 820, 1, 0, 0, 1, 0.862133333333333, 1
8, 821, 1, 0, 0, 1, 0.846666666666667, 1
8, 822, 1, 0, 0, 1, 0.1964, 1
8, 823, 1, 0, 0, 1, 0.690666666666667, 1
8, 824, 1, 0, 0, 1, 0.912, 1
8, 825, 1, 0, 0, 1, 0.721066666666667, 1
8, 826, 1, 0, 0, 1, 0.0685333333333333, 1
8, 827, 1, 0, 0, 1, 0.385066666666667, 1
8, 828, 1, 0, 0, 1, 0.7304, 1
8, 829, 1, 0, 0, 1, 0.3784, 1
8, 830, 1, 0, 0, 1, 0.549066666666667, 1
8, 831, 1, 0, 0, 1, 0.845466666666667, 1
8, 832, 1, 0, 0, 1, 0.2036, 1
8, 833, 1, 0, 0, 1, 0.400666666666667, 1
8, 834, 1, 0, 0, 1, 0.123066666666667, 1
8, 835, 1, 0, 0, 1, 0.322533333333333, 1
8, 836, 1, 1, 0, 0, 0.995733333333333, 1
8, 837, 1, 0, 0, 1, 0.25, 1
8, 838, 1, 0, 0, 1, 0.312533333333333, 1
8, 839, 1, 0, 0, 1, 0.8652, 1
8, 840, 1, 0, 0, 1, 0.894933333333333, 1
8, 841, 1, 0, 0, 1, 0.96, 1
8, 842, 1, 0, 0, 1, 0.861333333333333, 1
8, 843, 1, 0, 0, 1, 0.191466666666667, 1
8, 844, 1, 0, 0, 1, 0.384133333333333, 1
8, 845, 1, 0, 0, 1, 0.0250666666666667, 1
8, 846, 1, 0, 0, 1, 0.1848, 1
8, 847, 1, 0, 0, 1, 0.3168, 1
8, 848, 1, 0, 0, 1, 0.118133333333333, 1
8, 849, 1, 0, 0, 1, 0.441466666666667, 1
8, 850, 1, 0, 0, 1, 0.318933333333333, 1
8, 851, 1, 0, 0, 1, 0.0110666666666667, 1
8, 852, 1, 0, 0, 1, 0.6776, 1
8, 853, 1, 0, 0, 1, 0.6236, 1
8, 854, 1, 0, 0, 1, 0.720533333333333, 1
8, 855, 1, 0, 0, 1, 0.470266666666667, 1
8, 856, 1, 0, 0, 1, 0.281733333333333, 1
8, 857, 1, 0, 0, 1, 0.1524, 1
8, 858, 1, 0, 0, 1, 0.522933333333333, 1
8, 859, 1, 0, 0, 1, 0.7828, 1
8, 860, 1, 0, 0, 1, 0.811333333333333, 1
8, 861, 1, 0, 0, 1, 0.251466666666667, 1
8, 862, 1, 1, 0, 0, 0.991333333333333, 1
8, 863, 1, 0, 0, 1, 0.500266666666667, 1
8, 864, 1, 0, 0, 1, 0.890666666666667, 1
8, 865, 1, 0, 0, 1, 0.954133333333333, 1
8, 866, 1, 0, 0, 1, 0.261866666666667, 1
8, 867, 1, 0, 0, 1, 0.7796, 1
8, 868, 1, 0, 0, 1, 0.872933333333333, 1
8, 869, 1, 0, 0, 1, 0.4688, 1
8, 870, 1, 0, 0, 1, 0.506666666666667, 1
8, 871, 1, 0, 0, 1, 0.206666666666667, 1
8, 872, 1, 0, 0, 1, 0.157466666666667, 1
8, 873, 1, 0, 0, 1, 0.0412, 1
8, 874, 1, 0, 0, 1, 0.0606666666666667, 1
8, 875, 1, 0, 0, 1, 0.022, 1
8, 876, 1, 0, 0, 1, 0.477866666666667, 1
8, 877, 1, 0, 0, 1, 0.3928, 1
8, 878, 1, 0, 0, 1, 0.593866666666667, 1
8, 879, 1, 0, 0, 1, 0.2624, 1
8, 880, 1, 0, 0, 1, 0.359466666666667, 1
8, 881, 1, 0, 0, 1, 0.384, 1
8, 882, 1, 0, 0, 1, 0.2048, 1
8, 883, 1, 0, 0, 1, 0.767466666666667, 1
8, 884, 1, 0, 0, 1, 0.362133333333333, 1
8, 885, 1, 0, 0, 1, 0.259733333333333, 1
8, 886, 1, 0, 0, 1, 0.824666666666667, 1
8, 887, 1, 0, 0, 1, 0.760266666666667, 1
8, 888, 1, 0, 0, 1, 0.2508, 1
8, 889, 1, 0, 0, 1, 0.349333333333333, 1
8, 890, 1, 0, 0, 1, 0.47, 1
8, 891, 1, 1, 0, 0, 0.999733333333333, 1
8, 892, 1, 0, 0, 1, 0.786133333333333, 1
8, 893, 1, 0, 0, 1, 0.739866666666667, 1
8, 894, 1, 0, 0, 1, 0.3104, 1
8, 895, 1, 0, 0, 1, 0.847466666666667, 1
8, 896, 1, 0, 0, 1, 0.292, 1
8, 897, 1, 0, 0, 1, 0.0204, 1
8, 898, 1, 0, 0, 1, 0.0304, 1
8, 899, 1, 0, 0, 1, 0.507466666666667, 1
8, 900, 1, 0, 0, 1, 0.185466666666667, 1
8, 901, 1, 1, 0, 0, 0.999733333333333, 1
8, 902, 1, 1, 0, 0, 0.9996, 1
8, 903, 1, 1, 0, 0, 0.998, 1
8, 904, 1, 1, 0, 0, 1, 1
8, 905, 1, 0, 0, 1, 0.951333333333333, 1
8, 906, 1, 1, 0, 0, 1, 1
8, 907, 1, 1, 0, 0, 0.9964, 1
8, 908, 1, 1, 0, 0, 1, 1
8, 909, 1, 1, 0, 0, 0.9968, 1
8, 910, 1, 1, 0, 0, 0.999866666666667, 1
8, 911, 1, 1, 0, 0, 0.999866666666667, 1
8, 912, 1, 0, 0, 1, 0.974666666666667, 1
8, 913, 1, 1, 0, 0, 0.999733333333333, 1
8, 914, 1, 1, 0, 0, 1, 1
8, 915, 1, 1, 0, 0, 1, 1
8, 916, 1, 1, 0, 0, 0.996933333333333, 1
8, 917, 1, 1, 0, 0, 0.999866666666667, 1
8, 918, 1, 1, 0, 0, 0.9936, 1
8, 919, 1, 1, 0, 0, 0.9948, 1
8, 920, 1, 1, 0, 0, 0.997866666666667, 1
8, 921, 1, 1, 0, 0, 0.999066666666667, 1
8, 922, 1, 1, 0, 0, 0.999733333333333, 1
8, 923, 1, 1, 0, 0, 0.9976, 1
8, 924, 1, 1, 0, 0, 0.995733333333333, 1
8, 925, 1, 0, 0, 1, 0.877333333333333, 1
8, 926, 1, 1, 0, 0, 0.994533333333333, 1
8, 927, 1, 1, 0, 0, 0.999866666666667, 1
8, 928, 1, 0, 0, 1, 0.989066666666667, 1
8, 929, 1, 1, 0, 0, 1, 1
8, 930, 1, 1, 0, 0, 0.995333333333333, 1
8, 931, 1, 1, 0, 0, 0.9972, 1
8, 932, 1, 1, 0, 0, 0.993733333333333, 1
8, 933, 1, 1, 0, 0, 1, 1
8, 934, 1, 1, 0, 0, 0.999866666666667, 1
8, 935, 1, 1, 0, 0, 0.9984, 1
8, 936, 1, 1, 0, 0, 0.9976, 1
8, 937, 1, 1, 0, 0, 0.997066666666667, 1
8, 938, 1, 1, 0, 0, 1, 1
8, 939, 1, 1, 0, 0, 1, 1
8, 940, 1, 1, 0, 0, 1, 1
8, 941, 1, 1, 0, 0, 0.998, 1
8, 942, 1, 1, 0, 0, 1, 1
8, 943, 1, 1, 0, 0, 0.998133333333333, 1
8, 944, 1, 1, 0, 0, 1, 1
8, 945, 1, 0, 0, 1, 0.987466666666667, 1
8, 946, 1, 1, 0, 0, 0.9996, 1
8, 947, 1, 1, 0, 0, 1, 1
8, 948, 1, 1, 0, 0, 1, 1
8, 949, 1, 1, 0, 0, 0.9992, 1
8, 950, 1, 1, 0, 0, 0.998666666666667, 1
8, 951, 1, 1, 0, 0, 0.999866666666667, 1
8, 952, 1, 1, 0, 0, 0.996, 1
8, 953, 1, 1, 0, 0, 0.999733333333333, 1
8, 954, 1, 1, 0, 0, 1, 1
8, 955, 1, 1, 0, 0, 1, 1
8, 956, 1, 1, 0, 0, 0.999866666666667, 1
8, 957, 1, 1, 0, 0, 0.9996, 1
8, 958, 1, 1, 0, 0, 0.994, 1
8, 959, 1, 0, 0, 1, 0.963066666666667, 1
8, 960, 1, 1, 0, 0, 0.999733333333333, 1
8, 961, 1, 1, 0, 0, 0.999466666666667, 1
8, 962, 1, 0, 0, 1, 0.983733333333333, 1
8, 963, 1, 0, 0, 1, 0.909733333333333, 1
8, 964, 1, 1, 0, 0, 0.998, 1
8, 965, 1, 1, 0, 0, 1, 1
8, 966, 1, 1, 0, 0, 0.999866666666667, 1
8, 967, 1, 1, 0, 0, 1, 1
8, 968, 1, 1, 0, 0, 0.999733333333333, 1
8, 969, 1, 1, 0, 0, 1, 1
8, 970, 1, 1, 0, 0, 0.996933333333333, 1
8, 971, 1, 0, 0, 1, 0.955866666666667, 1
8, 972, 1, 0, 0, 1, 0.964, 1
8, 973, 1, 1, 0, 0, 0.999333333333333, 1
8, 974, 1, 1, 0, 0, 1, 1
8, 975, 1, 1, 0, 0, 0.999733333333333, 1
8, 976, 1, 1, 0, 0, 0.998266666666667, 1
8, 977, 1, 1, 0, 0, 1, 1
8, 978, 1, 1, 0, 0, 0.997333333333333, 1
8, 979, 1, 1, 0, 0, 1, 1
8, 980, 1, 1, 0, 0, 0.9996, 1
8, 981, 1, 1, 0, 0, 0.9996, 1
8, 982, 1, 1, 0, 0, 1, 1
8, 983, 1, 1, 0, 0, 0.9984, 1
8, 984, 1, 1, 0, 0, 1, 1
8, 985, 1, 1, 0, 0, 0.999333333333333, 1
8, 986, 1, 1, 0, 0, 0.998266666666667, 1
8, 987, 1, 1, 0, 0, 1, 1
8, 988, 1, 1, 0, 0, 0.9996, 1
8, 989, 1, 1, 0, 0, 0.996266666666667, 1
8, 990, 1, 1, 0, 0, 1, 1
8, 991, 1, 0, 0, 1, 0.9472, 1
8, 992, 1, 1, 0, 0, 0.999866666666667, 1
8, 993, 1, 1, 0, 0, 1, 1
8, 994, 1, 1, 0, 0, 0.9996, 1
8, 995, 1, 1, 0, 0, 1, 1
8, 996, 1, 1, 0, 0, 1, 1
8, 997, 1, 1, 0, 0, 0.9972, 1
8, 998, 1, 0, 0, 1, 0.903733333333333, 1
8, 999, 1, 1, 0, 0, 0.998933333333333, 1
8, 1000, 1, 1, 0, 0, 0.999733333333333, 1
8, 1001, 1, 1, 0, 0, 0.9952, 1
8, 1002, 1, 1, 0, 0, 0.999866666666667, 1
8, 1003, 1, 1, 0, 0, 0.998, 1
8, 1004, 1, 1, 0, 0, 0.9996, 1
8, 1005, 1, 1, 0, 0, 0.9996, 1
8, 1006, 1, 0, 0, 1, 0.985866666666667, 1
8, 1007, 1, 1, 0, 0, 1, 1
8, 1008, 1, 1, 0, 0, 0.998933333333333, 1
8, 1009, 1, 1, 0, 0, 1, 1
8, 1010, 1, 1, 0, 0, 1, 1
8, 1011, 1, 1, 0, 0, 0.999866666666667, 1
8, 1012, 1, 1, 0, 0, 1, 1
8, 1013, 1, 1, 0, 0, 1, 1
8, 1014, 1, 1, 0, 0, 1, 1
8, 1015, 1, 1, 0, 0, 0.997733333333333, 1
8, 1016, 1, 1, 0, 0, 0.9976, 1
8, 1017, 1, 1, 0, 0, 1, 1
8, 1018, 1, 1, 0, 0, 0.999866666666667, 1
8, 1019, 1, 1, 0, 0, 0.9996, 1
8, 1020, 1, 0, 0, 1, 0.894133333333333, 1
8, 1021, 1, 1, 0, 0, 0.999466666666667, 1
8, 1022, 1, 0, 0, 1, 0.987466666666667, 1
8, 1023, 1, 1, 0, 0, 1, 1
8, 1024, 1, 1, 0, 0, 0.9928, 1
8, 1025, 1, 0, 0, 1, 0.766133333333333, 1
8, 1026, 1, 1, 0, 0, 0.999866666666667, 1
8, 1027, 1, 1, 0, 0, 1, 1
8, 1028, 1, 1, 0, 0, 1, 1
8, 1029, 1, 1, 0, 0, 0.999866666666667, 1
8, 1030, 1, 1, 0, 0, 0.998533333333333, 1
8, 1031, 1, 1, 0, 0, 0.999866666666667, 1
8, 1032, 1, 1, 0, 0, 0.992533333333333, 1
8, 1033, 1, 0, 0, 1, 0.988, 1
8, 1034, 1, 1, 0, 0, 1, 1
8, 1035, 1, 1, 0, 0, 0.9996, 1
8, 1036, 1, 1, 0, 0, 0.992133333333333, 1
8, 1037, 1, 1, 0, 0, 1, 1
8, 1038, 1, 1, 0, 0, 0.9996, 1
8, 1039, 1, 1, 0, 0, 0.9944, 1
8, 1040, 1, 1, 0, 0, 0.998, 1
8, 1041, 1, 1, 0, 0, 1, 1
8, 1042, 1, 0, 0, 1, 0.934266666666667, 1
8, 1043, 1, 1, 0, 0, 1, 1
8, 1044, 1, 1, 0, 0, 0.999866666666667, 1
8, 1045, 1, 1, 0, 0, 0.9988, 1
8, 1046, 1, 1, 0, 0, 0.9936, 1
8, 1047, 1, 1, 0, 0, 1, 1
8, 1048, 1, 1, 0, 0, 0.999333333333333, 1
8, 1049, 1, 1, 0, 0, 1, 1
8, 1050, 1, 0, 0, 1, 0.99, 1
8, 1051, 1, 1, 0, 0, 0.999733333333333, 1
8, 1052, 1, 1, 0, 0, 0.9992, 1
8, 1053, 1, 0, 0, 1, 0.9264, 1
8, 1054, 1, 1, 0, 0, 1, 1
8, 1055, 1, 1, 0, 0, 1, 1
8, 1056, 1, 1, 0, 0, 1, 1
8, 1057, 1, 0, 0, 1, 0.945333333333333, 1
8, 1058, 1, 1, 0, 0, 0.998133333333333, 1
8, 1059, 1, 1, 0, 0, 1, 1
8, 1060, 1, 1, 0, 0, 1, 1
8, 1061, 1, 1, 0, 0, 0.999733333333333, 1
8, 1062, 1, 1, 0, 0, 0.9996, 1
8, 1063, 1, 1, 0, 0, 1, 1
8, 1064, 1, 1, 0, 0, 1, 1
8, 1065, 1, 1, 0, 0, 1, 1
8, 1066, 1, 0, 0, 1, 0.986133333333333, 1
8, 1067, 1, 1, 0, 0, 0.992933333333333, 1
8, 1068, 1, 1, 0, 0, 1, 1
8, 1069, 1, 0, 0, 1, 0.827066666666667, 1
8, 1070, 1, 1, 0, 0, 0.9936, 1
8, 1071, 1, 1, 0, 0, 1, 1
8, 1072, 1, 1, 0, 0, 1, 1
8, 1073, 1, 1, 0, 0, 1, 1
8, 1074, 1, 0, 0, 1, 0.737333333333333, 1
8, 1075, 1, 1, 0, 0, 1, 1
8, 1076, 1, 1, 0, 0, 0.994133333333333, 1
8, 1077, 1, 1, 0, 0, 1, 1
8, 1078, 1, 0, 0, 1, 0.9548, 1
8, 1079, 1, 1, 0, 0, 1, 1
8, 1080, 1, 0, 0, 1, 0.986133333333333, 1
8, 1081, 1, 1, 0, 0, 1, 1
8, 1082, 1, 1, 0, 0, 0.998666666666667, 1
8, 1083, 1, 0, 0, 1, 0.895866666666667, 1
8, 1084, 1, 1, 0, 0, 0.9996, 1
8, 1085, 1, 1, 0, 0, 1, 1
8, 1086, 1, 1, 0, 0, 0.999733333333333, 1
8, 1087, 1, 1, 0, 0, 0.9992, 1
8, 1088, 1, 1, 0, 0, 0.9988, 1
8, 1089, 1, 1, 0, 0, 1, 1
8, 1090, 1, 1, 0, 0, 0.999866666666667, 1
8, 1091, 1, 1, 0, 0, 0.994266666666667, 1
8, 1092, 1, 1, 0, 0, 0.996666666666667, 1
8, 1093, 1, 0, 0, 1, 0.9168, 1
8, 1094, 1, 1, 0, 0, 0.999866666666667, 1
8, 1095, 1, 0, 0, 1, 0.8612, 1
8, 1096, 1, 1, 0, 0, 0.990933333333333, 1
8, 1097, 1, 1, 0, 0, 0.991733333333333, 1
8, 1098, 1, 1, 0, 0, 0.999866666666667, 1
8, 1099, 1, 1, 0, 0, 0.998, 1
8, 1100, 1, 1, 0, 0, 1, 1
8, 1101, 1, 1, 0, 0, 1, 1
8, 1102, 1, 1, 0, 0, 0.999866666666667, 1
8, 1103, 1, 1, 0, 0, 1, 1
8, 1104, 1, 1, 0, 0, 1, 1
8, 1105, 1, 1, 0, 0, 0.998933333333333, 1
8, 1106, 1, 1, 0, 0, 0.996, 1
8, 1107, 1, 1, 0, 0, 1, 1
8, 1108, 1, 1, 0, 0, 1, 1
8, 1109, 1, 1, 0, 0, 0.999866666666667, 1
8, 1110, 1, 1, 0, 0, 1, 1
8, 1111, 1, 1, 0, 0, 0.999733333333333, 1
8, 1112, 1, 0, 0, 1, 0.9872, 1
8, 1113, 1, 1, 0, 0, 0.999733333333333, 1
8, 1114, 1, 1, 0, 0, 1, 1
8, 1115, 1, 1, 0, 0, 1, 1
8, 1116, 1, 1, 0, 0, 0.998666666666667, 1
8, 1117, 1, 1, 0, 0, 1, 1
8, 1118, 1, 1, 0, 0, 0.9928, 1
8, 1119, 1, 1, 0, 0, 0.994, 1
8, 1120, 1, 1, 0, 0, 0.999333333333333, 1
8, 1121, 1, 1, 0, 0, 0.995066666666667, 1
8, 1122, 1, 1, 0, 0, 0.999733333333333, 1
8, 1123, 1, 0, 0, 1, 0.9744, 1
8, 1124, 1, 1, 0, 0, 1, 1
8, 1125, 1, 1, 0, 0, 0.999866666666667, 1
8, 1126, 1, 0, 0, 1, 0.980666666666667, 1
8, 1127, 1, 1, 0, 0, 0.994533333333333, 1
8, 1128, 1, 1, 0, 0, 1, 1
8, 1129, 1, 1, 0, 0, 1, 1
8, 1130, 1, 1, 0, 0, 1, 1
8, 1131, 1, 0, 0, 1, 0.792666666666667, 1
8, 1132, 1, 1, 0, 0, 0.9984, 1
8, 1133, 1, 1, 0, 0, 0.997066666666667, 1
8, 1134, 1, 1, 0, 0, 0.9992, 1
8, 1135, 1, 1, 0, 0, 1, 1
8, 1136, 1, 1, 0, 0, 1, 1
8, 1137, 1, 1, 0, 0, 0.999466666666667, 1
8, 1138, 1, 1, 0, 0, 0.9964, 1
8, 1139, 1, 1, 0, 0, 1, 1
8, 1140, 1, 1, 0, 0, 0.999866666666667, 1
8, 1141, 1, 0, 0, 1, 0.904133333333333, 1
8, 1142, 1, 1, 0, 0, 0.996266666666667, 1
8, 1143, 1, 1, 0, 0, 0.999866666666667, 1
8, 1144, 1, 1, 0, 0, 1, 1
8, 1145, 1, 1, 0, 0, 0.999066666666667, 1
8, 1146, 1, 1, 0, 0, 0.999466666666667, 1
8, 1147, 1, 0, 0, 1, 0.9848, 1
8, 1148, 1, 1, 0, 0, 1, 1
8, 1149, 1, 1, 0, 0, 1, 1
8, 1150, 1, 1, 0, 0, 1, 1
8, 1151, 1, 1, 0, 0, 0.9968, 1
8, 1152, 1, 1, 0, 0, 1, 1
8, 1153, 1, 1, 0, 0, 0.999733333333333, 1
8, 1154, 1, 1, 0, 0, 1, 1
8, 1155, 1, 1, 0, 0, 0.999466666666667, 1
8, 1156, 1, 1, 0, 0, 0.9996, 1
8, 1157, 1, 1, 0, 0, 1, 1
8, 1158, 1, 1, 0, 0, 0.9912, 1
8, 1159, 1, 1, 0, 0, 0.997866666666667, 1
8, 1160, 1, 0, 0, 1, 0.972133333333333, 1
8, 1161, 1, 0, 0, 1, 0.9744, 1
8, 1162, 1, 1, 0, 0, 0.999866666666667, 1
8, 1163, 1, 1, 0, 0, 1, 1
8, 1164, 1, 1, 0, 0, 1, 1
8, 1165, 1, 1, 0, 0, 1, 1
8, 1166, 1, 1, 0, 0, 0.997866666666667, 1
8, 1167, 1, 1, 0, 0, 1, 1
8, 1168, 1, 0, 0, 1, 0.987066666666667, 1
8, 1169, 1, 1, 0, 0, 1, 1
8, 1170, 1, 0, 0, 1, 0.979866666666667, 1
8, 1171, 1, 1, 0, 0, 1, 1
8, 1172, 1, 1, 0, 0, 0.996666666666667, 1
8, 1173, 1, 1, 0, 0, 0.996133333333333, 1
8, 1174, 1, 1, 0, 0, 1, 1
8, 1175, 1, 1, 0, 0, 0.992133333333333, 1
8, 1176, 1, 1, 0, 0, 0.9992, 1
8, 1177, 1, 1, 0, 0, 0.9992, 1
8, 1178, 1, 0, 0, 1, 0.97, 1
8, 1179, 1, 1, 0, 0, 0.9996, 1
8, 1180, 1, 1, 0, 0, 0.9976, 1
8, 1181, 1, 1, 0, 0, 0.998933333333333, 1
8, 1182, 1, 1, 0, 0, 0.998666666666667, 1
8, 1183, 1, 1, 0, 0, 0.999866666666667, 1
8, 1184, 1, 1, 0, 0, 0.999866666666667, 1
8, 1185, 1, 0, 0, 1, 0.857333333333333, 1
8, 1186, 1, 1, 0, 0, 1, 1
8, 1187, 1, 1, 0, 0, 0.996, 1
8, 1188, 1, 0, 0, 1, 0.978666666666667, 1
8, 1189, 1, 1, 0, 0, 0.9996, 1
8, 1190, 1, 1, 0, 0, 1, 1
8, 1191, 1, 1, 0, 0, 0.996133333333333, 1
8, 1192, 1, 1, 0, 0, 1, 1
8, 1193, 1, 1, 0, 0, 0.9992, 1
8, 1194, 1, 1, 0, 0, 1, 1
8, 1195, 1, 0, 0, 1, 0.934933333333333, 1
8, 1196, 1, 1, 0, 0, 0.996933333333333, 1
8, 1197, 1, 1, 0, 0, 1, 1
8, 1198, 1, 0, 0, 1, 0.953466666666667, 1
8, 1199, 1, 1, 0, 0, 1, 1
8, 1200, 1, 1, 0, 0, 0.999866666666667, 1
