6, 1, 2, 0, 0, 1, 0.742266666666667, 1
6, 2, 2, 0, 0, 1, 0.357733333333333, 1
6, 3, 2, 0, 0, 1, 0.2492, 1
6, 4, 2, 0, 0, 1, 0.835466666666667, 1
6, 5, 2, 0, 0, 1, 0.0412, 1
6, 6, 2, 0, 0, 1, 0.201733333333333, 1
6, 7, 2, 0, 0, 1, 0.342266666666667, 1
6, 8, 2, 0, 0, 1, 0.6124, 1
6, 9, 2, 0, 0, 1, 0.688, 1
6, 10, 2, 0, 0, 1, 0.0832, 1
6, 11, 2, 0, 0, 1, 0.1292, 1
6, 12, 2, 0, 0, 1, 0.175733333333333, 1
6, 13, 2, 0, 0, 1, 0.485733333333333, 1
6, 14, 2, 0, 0, 1, 0.963333333333333, 1
6, 15, 2, 0, 0, 1, 0.623466666666667, 1
6, 16, 2, 0, 0, 1, 0.425733333333333, 1
6, 17, 2, 0, 0, 1, 0.400266666666667, 1
6, 18, 2, 0, 0, 1, 0.340266666666667, 1
6, 19, 2, 0, 0, 1, 0.658533333333333, 1
6, 20, 2, 0, 0, 1, 0.625333333333333, 1
6, 21, 2, 0, 0, 1, 0.0662666666666667, 1
6, 22, 2, 0, 0, 1, 0.222933333333333, 1
6, 23, 2, 0, 0, 1, 0.7724, 1
6, 24, 2, 0, 0, 1, 0.530933333333333, 1
6, 25, 2, 0, 0, 1, 0.802933333333333, 1
6, 26, 2, 0, 0, 1, 0.180266666666667, 1
6, 27, 2, 0, 0, 1, 0.969866666666667, 1
6, 28, 2, 0, 0, 1, 0.905066666666667, 1
6, 29, 2, 0, 0, 1, 0.664, 1
6, 30, 2, 0, 0, 1, 0.47, 1
6, 31, 2, 0, 0, 1, 0.397466666666667, 1
6, 32, 2, 0, 0, 1, 0.303066666666667, 1
6, 33, 2, 0, 0, 1, 0.331866666666667, 1
6, 34, 2, 0, 0, 1, 0.470266666666667, 1
6, 35, 2, 0, 0, 1, 0.2156, 1
6, 36, 2, 0, 0, 1, 0.131733333333333, 1
6, 37, 2, 0, 0, 1, 0.6636, 1
6, 38, 2, 0, 0, 1, 0.548666666666667, 1
6, 39, 2, 0, 0, 1, 0.979066666666667, 1
6, 40, 2, 0, 0, 1, 0.338533333333333, 1
6, 41, 2, 0, 0, 1, 0.1132, 1
6, 42, 2, 1, 0, 0, 0.9984, 1
6, 43, 2, 0, 0, 1, 0.484266666666667, 1
6, 44, 2, 0, 0, 1, 0.3484, 1
6, 45, 2, 0, 0, 1, 0.299866666666667, 1
6, 46, 2, 0, 0, 1, 0.394533333333333, 1
6, 47, 2, 0, 0, 1, 0.302133333333333, 1
6, 48, 2, 0, 0, 1, 0.835733333333333, 1
6, 49, 2, 0, 0, 1, 0.6496, 1
6, 50, 2, 0, 0, 1, 0.826266666666667, 1
6, 51, 2, 0, 0, 1, 0.350133333333333, 1
6, 52, 2, 0, 0, 1, 0.582266666666667, 1
6, 53, 2, 0, 0, 1, 0.11, 1
6, 54, 2, 0, 0, 1, 0.9476, 1
6, 55, 2, 0, 0, 1, 0.621066666666667, 1
6, 56, 2, 0, 0, 1, 0.563733333333333, 1
6, 57, 2, 0, 0, 1, 0.518533333333333, 1
6, 58, 2, 0, 0, 1, 0.332933333333333, 1
6, 59, 2, 0, 0, 1, 0.535466666666667, 1
6, 60, 2, 0, 0, 1, 0.773066666666667, 1
6, 61, 2, 0, 0, 1, 0.9504, 1
6, 62, 2, 0, 0, 1, 0.3196, 1
6, 63, 2, 0, 0, 1, 0.516533333333333, 1
6, 64, 2, 0, 0, 1, 0.8788, 1
6, 65, 2, 0, 0, 1, 0.644266666666667, 1
6, 66, 2, 0, 0, 1, 0.8536, 1
6, 67, 2, 0, 0, 1, 0.422266666666667, 1
6, 68, 2, 0, 0, 1, 0.387333333333333, 1
6, 69, 2, 0, 0, 1, 0.3696, 1
6, 70, 2, 0, 0, 1, 0.7872, 1
6, 71, 2, 0, 0, 1, 0.969333333333333, 1
6, 72, 2, 0, 0, 1, 0.973066666666667, 1
6, 73, 2, 0, 0, 1, 0.257333333333333, 1
6, 74, 2, 0, 0, 1, 0.246666666666667, 1
6, 75, 2, 0, 0, 1, 0.4996, 1
6, 76, 2, 0, 0, 1, 0.0749333333333333, 1
6, 77, 2, 0, 1, 0, 0.00266666666666667, 1
6, 78, 2, 0, 0, 1, 0.678533333333333, 1
6, 79, 2, 0, 0, 1, 0.6524, 1
6, 80, 2, 0, 0, 1, 0.0724, 1
6, 81, 2, 0, 0, 1, 0.0577333333333333, 1
6, 82, 2, 0, 0, 1, 0.0898666666666667, 1
6, 83, 2, 0, 0, 1, 0.625733333333333, 1
6, 84, 2, 0, 0, 1, 0.916, 1
6, 85, 2, 0, 0, 1, 0.423066666666667, 1
6, 86, 2, 0, 0, 1, 0.3944, 1
6, 87, 2, 0, 0, 1, 0.722533333333333, 1
6, 88, 2, 0, 0, 1, 0.507466666666667, 1
6, 89, 2, 0, 0, 1, 0.373333333333333, 1
6, 90, 2, 0, 0, 1, 0.9808, 1
6, 91, 2, 0, 0, 1, 0.62, 1
6, 92, 2, 0, 0, 1, 0.182933333333333, 1
6, 93, 2, 0, 0, 1, 0.86, 1
6, 94, 2, 0, 0, 1, 0.0481333333333333, 1
6, 95, 2, 0, 0, 1, 0.649066666666667, 1
6, 96, 2, 0, 0, 1, 0.812133333333333, 1
6, 97, 2, 0, 0, 1, 0.7404, 1
6, 98, 2, 0, 0, 1, 0.549866666666667, 1
6, 99, 2, 0, 0, 1, 0.662933333333333, 1
6, 100, 2, 0, 0, 1, 0.529866666666667, 1
6, 101, 2, 1, 0, 0, 1, 1
6, 102, 2, 1, 0, 0, 0.999733333333333, 1
6, 103, 2, 1, 0, 0, 0.999333333333333, 1
6, 104, 2, 1, 0, 0, 1, 1
6, 105, 2, 1, 0, 0, 1, 1
6, 106, 2, 1, 0, 0, 0.999066666666667, 1
6, 107, 2, 1, 0, 0, 0.993733333333333, 1
6, 108, 2, 1, 0, 0, 1, 1
6, 109, 2, 1, 0, 0, 1, 1
6, 110, 2, 1, 0, 0, 1, 1
6, 111, 2, 1, 0, 0, 0.999866666666667, 1
6, 112, 2, 1, 0, 0, 0.999866666666667, 1
6, 113, 2, 1, 0, 0, 0.998266666666667, 1
6, 114, 2, 1, 0, 0, 1, 1
6, 115, 2, 1, 0, 0, 1, 1
6, 116, 2, 1, 0, 0, 1, 1
6, 117, 2, 1, 0, 0, 1, 1
6, 118, 2, 1, 0, 0, 1, 1
6, 119, 2, 1, 0, 0, 0.999466666666667, 1
6, 120, 2, 1, 0, 0, 1, 1
6, 121, 2, 1, 0, 0, 0.998266666666667, 1
6, 122, 2, 1, 0, 0, 0.998266666666667, 1
6, 123, 2, 1, 0, 0, 1, 1
6, 124, 2, 0, 0, 1, 0.978, 1
6, 125, 2, 1, 0, 0, 1, 1
6, 126, 2, 1, 0, 0, 1, 1
6, 127, 2, 1, 0, 0, 1, 1
6, 128, 2, 1, 0, 0, 1, 1
6, 129, 2, 1, 0, 0, 0.999866666666667, 1
6, 130, 2, 1, 0, 0, 1, 1
6, 131, 2, 1, 0, 0, 0.996666666666667, 1
6, 132, 2, 1, 0, 0, 1, 1
6, 133, 2, 1, 0, 0, 0.999866666666667, 1
6, 134, 2, 1, 0, 0, 1, 1
6, 135, 2, 1, 0, 0, 0.999066666666667, 1
6, 136, 2, 1, 0, 0, 0.999866666666667, 1
6, 137, 2, 1, 0, 0, 0.999466666666667, 1
6, 138, 2, 1, 0, 0, 1, 1
6, 139, 2, 1, 0, 0, 1, 1
6, 140, 2, 1, 0, 0, 0.998933333333333, 1
6, 141, 2, 1, 0, 0, 1, 1
6, 142, 2, 1, 0, 0, 0.999866666666667, 1
6, 143, 2, 1, 0, 0, 0.998266666666667, 1
6, 144, 2, 1, 0, 0, 1, 1
6, 145, 2, 0, 0, 1, 0.975066666666667, 1
6, 146, 2, 1, 0, 0, 1, 1
6, 147, 2, 1, 0, 0, 1, 1
6, 148, 2, 0, 0, 1, 0.952, 1
6, 149, 2, 1, 0, 0, 0.999466666666667, 1
6, 150, 2, 1, 0, 0, 1, 1
6, 151, 2, 0, 0, 1, 0.970133333333333, 1
6, 152, 2, 1, 0, 0, 1, 1
6, 153, 2, 1, 0, 0, 1, 1
6, 154, 2, 1, 0, 0, 1, 1
6, 155, 2, 1, 0, 0, 1, 1
6, 156, 2, 1, 0, 0, 1, 1
6, 157, 2, 1, 0, 0, 1, 1
6, 158, 2, 1, 0, 0, 1, 1
6, 159, 2, 1, 0, 0, 1, 1
6, 160, 2, 1, 0, 0, 1, 1
6, 161, 2, 1, 0, 0, 1, 1
6, 162, 2, 1, 0, 0, 1, 1
6, 163, 2, 1, 0, 0, 0.998, 1
6, 164, 2, 1, 0, 0, 0.999866666666667, 1
6, 165, 2, 1, 0, 0, 1, 1
6, 166, 2, 1, 0, 0, 0.999733333333333, 1
6, 167, 2, 1, 0, 0, 0.999866666666667, 1
6, 168, 2, 1, 0, 0, 0.999866666666667, 1
6, 169, 2, 1, 0, 0, 0.999066666666667, 1
6, 170, 2, 1, 0, 0, 1, 1
6, 171, 2, 1, 0, 0, 1, 1
6, 172, 2, 1, 0, 0, 1, 1
6, 173, 2, 1, 0, 0, 1, 1
6, 174, 2, 1, 0, 0, 0.999866666666667, 1
6, 175, 2, 1, 0, 0, 1, 1
6, 176, 2, 1, 0, 0, 1, 1
6, 177, 2, 1, 0, 0, 1, 1
6, 178, 2, 1, 0, 0, 1, 1
6, 179, 2, 1, 0, 0, 0.995733333333333, 1
6, 180, 2, 1, 0, 0, 1, 1
6, 181, 2, 1, 0, 0, 0.999733333333333, 1
6, 182, 2, 0, 0, 1, 0.988666666666667, 1
6, 183, 2, 1, 0, 0, 1, 1
6, 184, 2, 1, 0, 0, 1, 1
6, 185, 2, 1, 0, 0, 0.999866666666667, 1
6, 186, 2, 0, 0, 1, 0.978933333333333, 1
6, 187, 2, 1, 0, 0, 1, 1
6, 188, 2, 0, 0, 1, 0.955733333333333, 1
6, 189, 2, 1, 0, 0, 1, 1
6, 190, 2, 1, 0, 0, 1, 1
6, 191, 2, 1, 0, 0, 1, 1
6, 192, 2, 1, 0, 0, 1, 1
6, 193, 2, 1, 0, 0, 1, 1
6, 194, 2, 1, 0, 0, 0.999866666666667, 1
6, 195, 2, 1, 0, 0, 0.998666666666667, 1
6, 196, 2, 1, 0, 0, 1, 1
6, 197, 2, 1, 0, 0, 1, 1
6, 198, 2, 1, 0, 0, 1, 1
6, 199, 2, 1, 0, 0, 1, 1
6, 200, 2, 1, 0, 0, 0.999866666666667, 1
6, 201, 2, 1, 0, 0, 1, 1
6, 202, 2, 0, 0, 1, 0.980133333333333, 1
6, 203, 2, 1, 0, 0, 1, 1
6, 204, 2, 1, 0, 0, 1, 1
6, 205, 2, 1, 0, 0, 1, 1
6, 206, 2, 1, 0, 0, 0.999866666666667, 1
6, 207, 2, 1, 0, 0, 1, 1
6, 208, 2, 1, 0, 0, 1, 1
6, 209, 2, 1, 0, 0, 1, 1
6, 210, 2, 1, 0, 0, 1, 1
6, 211, 2, 1, 0, 0, 0.999333333333333, 1
6, 212, 2, 1, 0, 0, 1, 1
6, 213, 2, 1, 0, 0, 1, 1
6, 214, 2, 1, 0, 0, 1, 1
6, 215, 2, 1, 0, 0, 1, 1
6, 216, 2, 1, 0, 0, 1, 1
6, 217, 2, 1, 0, 0, 1, 1
6, 218, 2, 1, 0, 0, 1, 1
6, 219, 2, 1, 0, 0, 0.999866666666667, 1
6, 220, 2, 1, 0, 0, 1, 1
6, 221, 2, 1, 0, 0, 0.998933333333333, 1
6, 222, 2, 1, 0, 0, 1, 1
6, 223, 2, 1, 0, 0, 1, 1
6, 224, 2, 1, 0, 0, 0.999866666666667, 1
6, 225, 2, 1, 0, 0, 1, 1
6, 226, 2, 1, 0, 0, 1, 1
6, 227, 2, 1, 0, 0, 0.999866666666667, 1
6, 228, 2, 1, 0, 0, 0.993466666666667, 1
6, 229, 2, 0, 0, 1, 0.979333333333333, 1
6, 230, 2, 1, 0, 0, 1, 1
6, 231, 2, 1, 0, 0, 0.999866666666667, 1
6, 232, 2, 1, 0, 0, 1, 1
6, 233, 2, 1, 0, 0, 1, 1
6, 234, 2, 1, 0, 0, 1, 1
6, 235, 2, 1, 0, 0, 1, 1
6, 236, 2, 1, 0, 0, 1, 1
6, 237, 2, 1, 0, 0, 1, 1
6, 238, 2, 1, 0, 0, 1, 1
6, 239, 2, 1, 0, 0, 1, 1
6, 240, 2, 1, 0, 0, 0.998133333333333, 1
6, 241, 2, 1, 0, 0, 0.9996, 1
6, 242, 2, 1, 0, 0, 0.999866666666667, 1
6, 243, 2, 1, 0, 0, 0.999866666666667, 1
6, 244, 2, 1, 0, 0, 1, 1
6, 245, 2, 1, 0, 0, 1, 1
6, 246, 2, 1, 0, 0, 1, 1
6, 247, 2, 1, 0, 0, 1, 1
6, 248, 2, 1, 0, 0, 1, 1
6, 249, 2, 1, 0, 0, 1, 1
6, 250, 2, 1, 0, 0, 1, 1
6, 251, 2, 1, 0, 0, 1, 1
6, 252, 2, 1, 0, 0, 0.999733333333333, 1
6, 253, 2, 1, 0, 0, 1, 1
6, 254, 2, 1, 0, 0, 1, 1
6, 255, 2, 1, 0, 0, 1, 1
6, 256, 2, 1, 0, 0, 0.9996, 1
6, 257, 2, 1, 0, 0, 1, 1
6, 258, 2, 1, 0, 0, 1, 1
6, 259, 2, 1, 0, 0, 0.999866666666667, 1
6, 260, 2, 1, 0, 0, 0.997733333333333, 1
6, 261, 2, 1, 0, 0, 0.999466666666667, 1
6, 262, 2, 1, 0, 0, 1, 1
6, 263, 2, 1, 0, 0, 1, 1
6, 264, 2, 1, 0, 0, 0.999866666666667, 1
6, 265, 2, 1, 0, 0, 0.9968, 1
6, 266, 2, 1, 0, 0, 0.995466666666667, 1
6, 267, 2, 1, 0, 0, 1, 1
6, 268, 2, 1, 0, 0, 1, 1
6, 269, 2, 1, 0, 0, 0.999866666666667, 1
6, 270, 2, 1, 0, 0, 1, 1
6, 271, 2, 1, 0, 0, 1, 1
6, 272, 2, 0, 0, 1, 0.942666666666667, 1
6, 273, 2, 1, 0, 0, 1, 1
6, 274, 2, 1, 0, 0, 0.997466666666667, 1
6, 275, 2, 1, 0, 0, 1, 1
6, 276, 2, 1, 0, 0, 1, 1
6, 277, 2, 1, 0, 0, 0.999866666666667, 1
6, 278, 2, 1, 0, 0, 1, 1
6, 279, 2, 1, 0, 0, 1, 1
6, 280, 2, 1, 0, 0, 0.998933333333333, 1
6, 281, 2, 1, 0, 0, 0.999733333333333, 1
6, 282, 2, 1, 0, 0, 1, 1
6, 283, 2, 1, 0, 0, 1, 1
6, 284, 2, 1, 0, 0, 1, 1
6, 285, 2, 1, 0, 0, 0.999733333333333, 1
6, 286, 2, 1, 0, 0, 1, 1
6, 287, 2, 0, 0, 1, 0.959066666666667, 1
6, 288, 2, 0, 0, 1, 0.971333333333333, 1
6, 289, 2, 1, 0, 0, 1, 1
6, 290, 2, 1, 0, 0, 1, 1
6, 291, 2, 1, 0, 0, 1, 1
6, 292, 2, 1, 0, 0, 1, 1
6, 293, 2, 1, 0, 0, 0.9996, 1
6, 294, 2, 1, 0, 0, 1, 1
6, 295, 2, 1, 0, 0, 1, 1
6, 296, 2, 1, 0, 0, 0.999333333333333, 1
6, 297, 2, 1, 0, 0, 1, 1
6, 298, 2, 1, 0, 0, 1, 1
6, 299, 2, 0, 0, 1, 0.974533333333333, 1
6, 300, 2, 1, 0, 0, 1, 1
6, 301, 2, 1, 0, 0, 0.9972, 1
6, 302, 2, 0, 0, 1, 0.952, 1
6, 303, 2, 0, 0, 1, 0.211733333333333, 1
6, 304, 2, 0, 0, 1, 0.266, 1
6, 305, 2, 0, 0, 1, 0.5872, 1
6, 306, 2, 0, 0, 1, 0.7796, 1
6, 307, 2, 0, 0, 1, 0.5112, 1
6, 308, 2, 0, 0, 1, 0.8028, 1
6, 309, 2, 0, 0, 1, 0.874933333333333, 1
6, 310, 2, 0, 0, 1, 0.844533333333333, 1
6, 311, 2, 0, 0, 1, 0.58, 1
6, 312, 2, 0, 0, 1, 0.571733333333333, 1
6, 313, 2, 0, 0, 1, 0.437333333333333, 1
6, 314, 2, 0, 0, 1, 0.664533333333333, 1
6, 315, 2, 0, 0, 1, 0.956533333333333, 1
6, 316, 2, 0, 0, 1, 0.210533333333333, 1
6, 317, 2, 0, 0, 1, 0.6736, 1
6, 318, 2, 0, 0, 1, 0.0794666666666667, 1
6, 319, 2, 0, 0, 1, 0.862, 1
6, 320, 2, 0, 0, 1, 0.729066666666667, 1
6, 321, 2, 0, 0, 1, 0.0657333333333333, 1
6, 322, 2, 0, 0, 1, 0.9116, 1
6, 323, 2, 0, 1, 0, 0.00533333333333333, 1
6, 324, 2, 0, 0, 1, 0.676266666666667, 1
6, 325, 2, 0, 0, 1, 0.0925333333333333, 1
6, 326, 2, 0, 0, 1, 0.144533333333333, 1
6, 327, 2, 0, 0, 1, 0.499733333333333, 1
6, 328, 2, 0, 0, 1, 0.9048, 1
6, 329, 2, 0, 0, 1, 0.408533333333333, 1
6, 330, 2, 0, 0, 1, 0.494666666666667, 1
6, 331, 2, 1, 0, 0, 0.990133333333333, 1
6, 332, 2, 0, 0, 1, 0.645066666666667, 1
6, 333, 2, 0, 0, 1, 0.490133333333333, 1
6, 334, 2, 0, 0, 1, 0.5472, 1
6, 335, 2, 0, 0, 1, 0.8276, 1
6, 336, 2, 0, 0, 1, 0.385466666666667, 1
6, 337, 2, 0, 0, 1, 0.0564, 1
6, 338, 2, 0, 0, 1, 0.799466666666667, 1
6, 339, 2, 0, 0, 1, 0.389866666666667, 1
6, 340, 2, 1, 0, 0, 0.9904, 1
6, 341, 2, 0, 0, 1, 0.448266666666667, 1
6, 342, 2, 0, 0, 1, 0.444666666666667, 1
6, 343, 2, 0, 0, 1, 0.808533333333333, 1
6, 344, 2, 0, 0, 1, 0.679866666666667, 1
6, 345, 2, 0, 0, 1, 0.984933333333333, 1
6, 346, 2, 0, 0, 1, 0.130133333333333, 1
6, 347, 2, 0, 0, 1, 0.6588, 1
6, 348, 2, 0, 0, 1, 0.149466666666667, 1
6, 349, 2, 0, 0, 1, 0.0297333333333333, 1
6, 350, 2, 0, 0, 1, 0.140266666666667, 1
6, 351, 2, 0, 0, 1, 0.9452, 1
6, 352, 2, 0, 0, 1, 0.107466666666667, 1
6, 353, 2, 0, 0, 1, 0.528533333333333, 1
6, 354, 2, 0, 0, 1, 0.130933333333333, 1
6, 355, 2, 0, 0, 1, 0.887466666666667, 1
6, 356, 2, 0, 0, 1, 0.0870666666666667, 1
6, 357, 2, 0, 0, 1, 0.357733333333333, 1
6, 358, 2, 0, 0, 1, 0.388533333333333, 1
6, 359, 2, 0, 0, 1, 0.919466666666667, 1
6, 360, 2, 0, 0, 1, 0.141866666666667, 1
6, 361, 2, 0, 0, 1, 0.574933333333333, 1
6, 362, 2, 0, 0, 1, 0.391466666666667, 1
6, 363, 2, 0, 0, 1, 0.330266666666667, 1
6, 364, 2, 0, 0, 1, 0.138533333333333, 1
6, 365, 2, 0, 0, 1, 0.0137333333333333, 1
6, 366, 2, 0, 0, 1, 0.1348, 1
6, 367, 2, 0, 0, 1, 0.0941333333333333, 1
6, 368, 2, 0, 0, 1, 0.847066666666667, 1
6, 369, 2, 0, 0, 1, 0.396, 1
6, 370, 2, 0, 0, 1, 0.16, 1
6, 371, 2, 0, 0, 1, 0.533733333333333, 1
6, 372, 2, 0, 0, 1, 0.768533333333333, 1
6, 373, 2, 0, 0, 1, 0.908133333333333, 1
6, 374, 2, 0, 0, 1, 0.483066666666667, 1
6, 375, 2, 0, 0, 1, 0.379066666666667, 1
6, 376, 2, 0, 0, 1, 0.732666666666667, 1
6, 377, 2, 0, 0, 1, 0.6528, 1
6, 378, 2, 0, 0, 1, 0.787866666666667, 1
6, 379, 2, 0, 0, 1, 0.6032, 1
6, 380, 2, 0, 0, 1, 0.864666666666667, 1
6, 381, 2, 0, 0, 1, 0.777066666666667, 1
6, 382, 2, 0, 0, 1, 0.576533333333333, 1
6, 383, 2, 0, 0, 1, 0.758133333333333, 1
6, 384, 2, 0, 0, 1, 0.244133333333333, 1
6, 385, 2, 0, 0, 1, 0.0434666666666667, 1
6, 386, 2, 0, 0, 1, 0.894933333333333, 1
6, 387, 2, 0, 0, 1, 0.9172, 1
6, 388, 2, 0, 0, 1, 0.3356, 1
6, 389, 2, 0, 0, 1, 0.192, 1
6, 390, 2, 0, 0, 1, 0.8732, 1
6, 391, 2, 0, 0, 1, 0.604933333333333, 1
6, 392, 2, 0, 0, 1, 0.0217333333333333, 1
6, 393, 2, 0, 0, 1, 0.0962666666666667, 1
6, 394, 2, 0, 0, 1, 0.4196, 1
6, 395, 2, 0, 0, 1, 0.8384, 1
6, 396, 2, 0, 0, 1, 0.589066666666667, 1
6, 397, 2, 0, 0, 1, 0.628, 1
6, 398, 2, 0, 0, 1, 0.0984, 1
6, 399, 2, 0, 0, 1, 0.2664, 1
6, 400, 2, 0, 0, 1, 0.143866666666667, 1
6, 401, 2, 1, 0, 0, 1, 1
6, 402, 2, 1, 0, 0, 1, 1
6, 403, 2, 1, 0, 0, 1, 1
6, 404, 2, 1, 0, 0, 1, 1
6, 405, 2, 1, 0, 0, 1, 1
6, 406, 2, 1, 0, 0, 1, 1
6, 407, 2, 1, 0, 0, 1, 1
6, 408, 2, 1, 0, 0, 1, 1
6, 409, 2, 1, 0, 0, 1, 1
6, 410, 2, 1, 0, 0, 1, 1
6, 411, 2, 1, 0, 0, 1, 1
6, 412, 2, 1, 0, 0, 1, 1
6, 413, 2, 1, 0, 0, 1, 1
6, 414, 2, 1, 0, 0, 1, 1
6, 415, 2, 1, 0, 0, 1, 1
6, 416, 2, 1, 0, 0, 1, 1
6, 417, 2, 1, 0, 0, 1, 1
6, 418, 2, 1, 0, 0, 1, 1
6, 419, 2, 1, 0, 0, 1, 1
6, 420, 2, 1, 0, 0, 1, 1
6, 421, 2, 1, 0, 0, 1, 1
6, 422, 2, 1, 0, 0, 1, 1
6, 423, 2, 1, 0, 0, 1, 1
6, 424, 2, 1, 0, 0, 1, 1
6, 425, 2, 1, 0, 0, 1, 1
6, 426, 2, 1, 0, 0, 1, 1
6, 427, 2, 1, 0, 0, 1, 1
6, 428, 2, 1, 0, 0, 1, 1
6, 429, 2, 1, 0, 0, 1, 1
6, 430, 2, 1, 0, 0, 1, 1
6, 431, 2, 1, 0, 0, 1, 1
6, 432, 2, 1, 0, 0, 1, 1
6, 433, 2, 1, 0, 0, 1, 1
6, 434, 2, 1, 0, 0, 1, 1
6, 435, 2, 1, 0, 0, 1, 1
6, 436, 2, 1, 0, 0, 1, 1
6, 437, 2, 1, 0, 0, 1, 1
6, 438, 2, 1, 0, 0, 1, 1
6, 439, 2, 1, 0, 0, 1, 1
6, 440, 2, 1, 0, 0, 0.999866666666667, 1
6, 441, 2, 1, 0, 0, 1, 1
6, 442, 2, 1, 0, 0, 1, 1
6, 443, 2, 1, 0, 0, 1, 1
6, 444, 2, 1, 0, 0, 1, 1
6, 445, 2, 1, 0, 0, 1, 1
6, 446, 2, 1, 0, 0, 1, 1
6, 447, 2, 1, 0, 0, 1, 1
6, 448, 2, 1, 0, 0, 1, 1
6, 449, 2, 1, 0, 0, 1, 1
6, 450, 2, 1, 0, 0, 1, 1
6, 451, 2, 1, 0, 0, 1, 1
6, 452, 2, 1, 0, 0, 1, 1
6, 453, 2, 1, 0, 0, 1, 1
6, 454, 2, 1, 0, 0, 1, 1
6, 455, 2, 1, 0, 0, 1, 1
6, 456, 2, 1, 0, 0, 1, 1
6, 457, 2, 1, 0, 0, 1, 1
6, 458, 2, 1, 0, 0, 1, 1
6, 459, 2, 1, 0, 0, 1, 1
6, 460, 2, 1, 0, 0, 1, 1
6, 461, 2, 1, 0, 0, 1, 1
6, 462, 2, 1, 0, 0, 1, 1
6, 463, 2, 1, 0, 0, 1, 1
6, 464, 2, 1, 0, 0, 1, 1
6, 465, 2, 1, 0, 0, 1, 1
6, 466, 2, 1, 0, 0, 1, 1
6, 467, 2, 1, 0, 0, 1, 1
6, 468, 2, 1, 0, 0, 1, 1
6, 469, 2, 1, 0, 0, 1, 1
6, 470, 2, 1, 0, 0, 1, 1
6, 471, 2, 1, 0, 0, 1, 1
6, 472, 2, 1, 0, 0, 1, 1
6, 473, 2, 1, 0, 0, 1, 1
6, 474, 2, 1, 0, 0, 1, 1
6, 475, 2, 1, 0, 0, 1, 1
6, 476, 2, 1, 0, 0, 1, 1
6, 477, 2, 1, 0, 0, 1, 1
6, 478, 2, 1, 0, 0, 1, 1
6, 479, 2, 1, 0, 0, 1, 1
6, 480, 2, 1, 0, 0, 1, 1
6, 481, 2, 1, 0, 0, 1, 1
6, 482, 2, 1, 0, 0, 1, 1
6, 483, 2, 1, 0, 0, 1, 1
6, 484, 2, 1, 0, 0, 1, 1
6, 485, 2, 1, 0, 0, 1, 1
6, 486, 2, 1, 0, 0, 1, 1
6, 487, 2, 1, 0, 0, 1, 1
6, 488, 2, 1, 0, 0, 1, 1
6, 489, 2, 1, 0, 0, 1, 1
6, 490, 2, 1, 0, 0, 1, 1
6, 491, 2, 1, 0, 0, 1, 1
6, 492, 2, 1, 0, 0, 1, 1
6, 493, 2, 1, 0, 0, 1, 1
6, 494, 2, 1, 0, 0, 1, 1
6, 495, 2, 1, 0, 0, 0.999733333333333, 1
6, 496, 2, 1, 0, 0, 1, 1
6, 497, 2, 1, 0, 0, 1, 1
6, 498, 2, 1, 0, 0, 1, 1
6, 499, 2, 1, 0, 0, 1, 1
6, 500, 2, 1, 0, 0, 1, 1
6, 501, 2, 1, 0, 0, 1, 1
6, 502, 2, 1, 0, 0, 1, 1
6, 503, 2, 1, 0, 0, 1, 1
6, 504, 2, 1, 0, 0, 1, 1
6, 505, 2, 1, 0, 0, 1, 1
6, 506, 2, 1, 0, 0, 1, 1
6, 507, 2, 1, 0, 0, 1, 1
6, 508, 2, 1, 0, 0, 1, 1
6, 509, 2, 1, 0, 0, 1, 1
6, 510, 2, 1, 0, 0, 1, 1
6, 511, 2, 1, 0, 0, 1, 1
6, 512, 2, 1, 0, 0, 1, 1
6, 513, 2, 1, 0, 0, 1, 1
6, 514, 2, 1, 0, 0, 1, 1
6, 515, 2, 1, 0, 0, 1, 1
6, 516, 2, 1, 0, 0, 1, 1
6, 517, 2, 1, 0, 0, 1, 1
6, 518, 2, 1, 0, 0, 1, 1
6, 519, 2, 1, 0, 0, 1, 1
6, 520, 2, 1, 0, 0, 1, 1
6, 521, 2, 1, 0, 0, 1, 1
6, 522, 2, 1, 0, 0, 1, 1
6, 523, 2, 1, 0, 0, 1, 1
6, 524, 2, 1, 0, 0, 0.999866666666667, 1
6, 525, 2, 1, 0, 0, 1, 1
6, 526, 2, 1, 0, 0, 1, 1
6, 527, 2, 1, 0, 0, 1, 1
6, 528, 2, 1, 0, 0, 1, 1
6, 529, 2, 1, 0, 0, 1, 1
6, 530, 2, 1, 0, 0, 1, 1
6, 531, 2, 1, 0, 0, 1, 1
6, 532, 2, 1, 0, 0, 1, 1
6, 533, 2, 1, 0, 0, 1, 1
6, 534, 2, 1, 0, 0, 1, 1
6, 535, 2, 1, 0, 0, 1, 1
6, 536, 2, 1, 0, 0, 1, 1
6, 537, 2, 1, 0, 0, 1, 1
6, 538, 2, 1, 0, 0, 1, 1
6, 539, 2, 1, 0, 0, 1, 1
6, 540, 2, 1, 0, 0, 1, 1
6, 541, 2, 1, 0, 0, 1, 1
6, 542, 2, 1, 0, 0, 1, 1
6, 543, 2, 1, 0, 0, 1, 1
6, 544, 2, 1, 0, 0, 0.999866666666667, 1
6, 545, 2, 1, 0, 0, 1, 1
6, 546, 2, 1, 0, 0, 1, 1
6, 547, 2, 1, 0, 0, 1, 1
6, 548, 2, 1, 0, 0, 1, 1
6, 549, 2, 1, 0, 0, 1, 1
6, 550, 2, 1, 0, 0, 1, 1
6, 551, 2, 1, 0, 0, 1, 1
6, 552, 2, 1, 0, 0, 1, 1
6, 553, 2, 1, 0, 0, 1, 1
6, 554, 2, 1, 0, 0, 1, 1
6, 555, 2, 1, 0, 0, 1, 1
6, 556, 2, 1, 0, 0, 1, 1
6, 557, 2, 1, 0, 0, 1, 1
6, 558, 2, 1, 0, 0, 1, 1
6, 559, 2, 1, 0, 0, 1, 1
6, 560, 2, 1, 0, 0, 1, 1
6, 561, 2, 1, 0, 0, 1, 1
6, 562, 2, 1, 0, 0, 1, 1
6, 563, 2, 1, 0, 0, 1, 1
6, 564, 2, 1, 0, 0, 1, 1
6, 565, 2, 1, 0, 0, 1, 1
6, 566, 2, 1, 0, 0, 1, 1
6, 567, 2, 1, 0, 0, 1, 1
6, 568, 2, 1, 0, 0, 1, 1
6, 569, 2, 1, 0, 0, 1, 1
6, 570, 2, 1, 0, 0, 1, 1
6, 571, 2, 1, 0, 0, 1, 1
6, 572, 2, 1, 0, 0, 1, 1
6, 573, 2, 1, 0, 0, 1, 1
6, 574, 2, 1, 0, 0, 0.999733333333333, 1
6, 575, 2, 1, 0, 0, 1, 1
6, 576, 2, 1, 0, 0, 1, 1
6, 577, 2, 1, 0, 0, 1, 1
6, 578, 2, 1, 0, 0, 1, 1
6, 579, 2, 1, 0, 0, 1, 1
6, 580, 2, 1, 0, 0, 1, 1
6, 581, 2, 1, 0, 0, 1, 1
6, 582, 2, 1, 0, 0, 1, 1
6, 583, 2, 1, 0, 0, 1, 1
6, 584, 2, 1, 0, 0, 1, 1
6, 585, 2, 1, 0, 0, 1, 1
6, 586, 2, 1, 0, 0, 1, 1
6, 587, 2, 1, 0, 0, 1, 1
6, 588, 2, 1, 0, 0, 1, 1
6, 589, 2, 1, 0, 0, 1, 1
6, 590, 2, 1, 0, 0, 1, 1
6, 591, 2, 1, 0, 0, 1, 1
6, 592, 2, 1, 0, 0, 1, 1
6, 593, 2, 1, 0, 0, 1, 1
6, 594, 2, 1, 0, 0, 1, 1
6, 595, 2, 1, 0, 0, 1, 1
6, 596, 2, 1, 0, 0, 1, 1
6, 597, 2, 1, 0, 0, 1, 1
6, 598, 2, 1, 0, 0, 1, 1
6, 599, 2, 1, 0, 0, 1, 1
6, 600, 2, 1, 0, 0, 1, 1
6, 601, 2, 1, 0, 0, 0.952, 1
6, 602, 2, 1, 0, 0, 0.9636, 1
6, 603, 2, 1, 0, 0, 0.9736, 1
6, 604, 2, 0, 0, 1, 0.124933333333333, 1
6, 605, 2, 0, 0, 1, 0.1328, 1
6, 606, 2, 0, 0, 1, 0.9252, 1
6, 607, 2, 0, 0, 1, 0.418266666666667, 1
6, 608, 2, 0, 0, 1, 0.305466666666667, 1
6, 609, 2, 0, 0, 1, 0.345466666666667, 1
6, 610, 2, 0, 0, 1, 0.275466666666667, 1
6, 611, 2, 0, 0, 1, 0.489466666666667, 1
6, 612, 2, 0, 0, 1, 0.935866666666667, 1
6, 613, 2, 0, 0, 1, 0.597066666666667, 1
6, 614, 2, 0, 0, 1, 0.1356, 1
6, 615, 2, 0, 0, 1, 0.195466666666667, 1
6, 616, 2, 0, 0, 1, 0.357866666666667, 1
6, 617, 2, 0, 0, 1, 0.556, 1
6, 618, 2, 0, 0, 1, 0.4848, 1
6, 619, 2, 0, 0, 1, 0.901866666666667, 1
6, 620, 2, 0, 0, 1, 0.754533333333333, 1
6, 621, 2, 0, 0, 1, 0.322933333333333, 1
6, 622, 2, 0, 0, 1, 0.532133333333333, 1
6, 623, 2, 0, 0, 1, 0.176933333333333, 1
6, 624, 2, 0, 1, 0, 0.0914666666666667, 1
6, 625, 2, 0, 0, 1, 0.593466666666667, 1
6, 626, 2, 0, 0, 1, 0.217333333333333, 1
6, 627, 2, 0, 0, 1, 0.608666666666667, 1
6, 628, 2, 0, 0, 1, 0.349333333333333, 1
6, 629, 2, 0, 0, 1, 0.526933333333333, 1
6, 630, 2, 0, 0, 1, 0.179466666666667, 1
6, 631, 2, 0, 0, 1, 0.337466666666667, 1
6, 632, 2, 0, 0, 1, 0.8144, 1
6, 633, 2, 0, 0, 1, 0.835866666666667, 1
6, 634, 2, 0, 0, 1, 0.649466666666667, 1
6, 635, 2, 0, 0, 1, 0.949733333333333, 1
6, 636, 2, 0, 0, 1, 0.733066666666667, 1
6, 637, 2, 0, 0, 1, 0.768533333333333, 1
6, 638, 2, 0, 0, 1, 0.466133333333333, 1
6, 639, 2, 0, 0, 1, 0.553066666666667, 1
6, 640, 2, 1, 0, 0, 0.978, 1
6, 641, 2, 0, 0, 1, 0.752, 1
6, 642, 2, 0, 0, 1, 0.7064, 1
6, 643, 2, 0, 0, 1, 0.8136, 1
6, 644, 2, 0, 0, 1, 0.353866666666667, 1
6, 645, 2, 0, 0, 1, 0.5992, 1
6, 646, 2, 0, 1, 0, 0.0522666666666667, 1
6, 647, 2, 0, 0, 1, 0.233733333333333, 1
6, 648, 2, 0, 0, 1, 0.8652, 1
6, 649, 2, 0, 0, 1, 0.330533333333333, 1
6, 650, 2, 0, 0, 1, 0.104666666666667, 1
6, 651, 2, 0, 1, 0, 0.0666666666666667, 1
6, 652, 2, 0, 1, 0, 0.0076, 1
6, 653, 2, 0, 0, 1, 0.367733333333333, 1
6, 654, 2, 0, 1, 0, 0.00173333333333333, 1
6, 655, 2, 0, 0, 1, 0.154, 1
6, 656, 2, 0, 0, 1, 0.777066666666667, 1
6, 657, 2, 0, 0, 1, 0.704266666666667, 1
6, 658, 2, 0, 0, 1, 0.463866666666667, 1
6, 659, 2, 0, 0, 1, 0.506133333333333, 1
6, 660, 2, 0, 0, 1, 0.1396, 1
6, 661, 2, 0, 0, 1, 0.650533333333333, 1
6, 662, 2, 0, 0, 1, 0.909066666666667, 1
6, 663, 2, 0, 0, 1, 0.1828, 1
6, 664, 2, 0, 0, 1, 0.544133333333333, 1
6, 665, 2, 0, 0, 1, 0.8272, 1
6, 666, 2, 0, 0, 1, 0.203066666666667, 1
6, 667, 2, 0, 0, 1, 0.675466666666667, 1
6, 668, 2, 0, 0, 1, 0.498533333333333, 1
6, 669, 2, 1, 0, 0, 0.9868, 1
6, 670, 2, 0, 0, 1, 0.852, 1
6, 671, 2, 0, 0, 1, 0.677733333333333, 1
6, 672, 2, 0, 0, 1, 0.395466666666667, 1
6, 673, 2, 0, 0, 1, 0.8828, 1
6, 674, 2, 0, 0, 1, 0.260666666666667, 1
6, 675, 2, 0, 0, 1, 0.475466666666667, 1
6, 676, 2, 0, 1, 0, 0.0748, 1
6, 677, 2, 0, 0, 1, 0.780266666666667, 1
6, 678, 2, 0, 0, 1, 0.8368, 1
6, 679, 2, 0, 0, 1, 0.5636, 1
6, 680, 2, 0, 1, 0, 0.00986666666666667, 1
6, 681, 2, 0, 0, 1, 0.217333333333333, 1
6, 682, 2, 0, 0, 1, 0.886533333333333, 1
6, 683, 2, 0, 0, 1, 0.3568, 1
6, 684, 2, 0, 0, 1, 0.735466666666667, 1
6, 685, 2, 0, 0, 1, 0.803333333333333, 1
6, 686, 2, 0, 0, 1, 0.3708, 1
6, 687, 2, 0, 0, 1, 0.158, 1
6, 688, 2, 0, 0, 1, 0.8904, 1
6, 689, 2, 1, 0, 0, 0.9772, 1
6, 690, 2, 0, 0, 1, 0.868666666666667, 1
6, 691, 2, 0, 0, 1, 0.1308, 1
6, 692, 2, 0, 0, 1, 0.605466666666667, 1
6, 693, 2, 0, 0, 1, 0.574266666666667, 1
6, 694, 2, 0, 0, 1, 0.550933333333333, 1
6, 695, 2, 0, 0, 1, 0.257733333333333, 1
6, 696, 2, 0, 0, 1, 0.124, 1
6, 697, 2, 0, 0, 1, 0.6808, 1
6, 698, 2, 1, 0, 0, 0.965866666666667, 1
6, 699, 2, 0, 0, 1, 0.178, 1
6, 700, 2, 0, 0, 1, 0.1888, 1
6, 701, 2, 1, 0, 0, 0.9964, 1
6, 702, 2, 1, 0, 0, 1, 1
6, 703, 2, 1, 0, 0, 0.9992, 1
6, 704, 2, 1, 0, 0, 0.999066666666667, 1
6, 705, 2, 1, 0, 0, 0.999066666666667, 1
6, 706, 2, 1, 0, 0, 0.999066666666667, 1
6, 707, 2, 1, 0, 0, 0.999866666666667, 1
6, 708, 2, 1, 0, 0, 0.9992, 1
6, 709, 2, 1, 0, 0, 0.999333333333333, 1
6, 710, 2, 1, 0, 0, 0.996933333333333, 1
6, 711, 2, 1, 0, 0, 0.999866666666667, 1
6, 712, 2, 1, 0, 0, 0.990933333333333, 1
6, 713, 2, 1, 0, 0, 0.999066666666667, 1
6, 714, 2, 1, 0, 0, 0.9992, 1
6, 715, 2, 1, 0, 0, 1, 1
6, 716, 2, 1, 0, 0, 0.996133333333333, 1
6, 717, 2, 1, 0, 0, 0.992666666666667, 1
6, 718, 2, 1, 0, 0, 0.999866666666667, 1
6, 719, 2, 1, 0, 0, 1, 1
6, 720, 2, 1, 0, 0, 0.993733333333333, 1
6, 721, 2, 1, 0, 0, 0.999066666666667, 1
6, 722, 2, 1, 0, 0, 1, 1
6, 723, 2, 1, 0, 0, 0.999866666666667, 1
6, 724, 2, 1, 0, 0, 0.9904, 1
6, 725, 2, 1, 0, 0, 0.999733333333333, 1
6, 726, 2, 1, 0, 0, 1, 1
6, 727, 2, 1, 0, 0, 0.983333333333333, 1
6, 728, 2, 1, 0, 0, 0.997733333333333, 1
6, 729, 2, 1, 0, 0, 0.997466666666667, 1
6, 730, 2, 1, 0, 0, 0.9928, 1
6, 731, 2, 1, 0, 0, 0.999866666666667, 1
6, 732, 2, 1, 0, 0, 0.999733333333333, 1
6, 733, 2, 1, 0, 0, 1, 1
6, 734, 2, 1, 0, 0, 0.997466666666667, 1
6, 735, 2, 1, 0, 0, 0.996933333333333, 1
6, 736, 2, 1, 0, 0, 0.9904, 1
6, 737, 2, 1, 0, 0, 1, 1
6, 738, 2, 1, 0, 0, 0.999333333333333, 1
6, 739, 2, 1, 0, 0, 0.999466666666667, 1
6, 740, 2, 1, 0, 0, 0.995333333333333, 1
6, 741, 2, 1, 0, 0, 0.998266666666667, 1
6, 742, 2, 1, 0, 0, 0.996933333333333, 1
6, 743, 2, 1, 0, 0, 1, 1
6, 744, 2, 1, 0, 0, 0.999733333333333, 1
6, 745, 2, 1, 0, 0, 0.9928, 1
6, 746, 2, 1, 0, 0, 0.998666666666667, 1
6, 747, 2, 1, 0, 0, 1, 1
6, 748, 2, 1, 0, 0, 0.996133333333333, 1
6, 749, 2, 1, 0, 0, 0.999333333333333, 1
6, 750, 2, 1, 0, 0, 0.999866666666667, 1
6, 751, 2, 1, 0, 0, 0.999466666666667, 1
6, 752, 2, 1, 0, 0, 0.9992, 1
6, 753, 2, 1, 0, 0, 0.996133333333333, 1
6, 754, 2, 1, 0, 0, 0.994266666666667, 1
6, 755, 2, 1, 0, 0, 0.998133333333333, 1
6, 756, 2, 1, 0, 0, 1, 1
6, 757, 2, 1, 0, 0, 0.999866666666667, 1
6, 758, 2, 1, 0, 0, 1, 1
6, 759, 2, 1, 0, 0, 0.995066666666667, 1
6, 760, 2, 1, 0, 0, 0.998666666666667, 1
6, 761, 2, 1, 0, 0, 0.996666666666667, 1
6, 762, 2, 1, 0, 0, 0.999866666666667, 1
6, 763, 2, 1, 0, 0, 0.9968, 1
6, 764, 2, 1, 0, 0, 0.9992, 1
6, 765, 2, 1, 0, 0, 1, 1
6, 766, 2, 1, 0, 0, 0.998266666666667, 1
6, 767, 2, 1, 0, 0, 0.9948, 1
6, 768, 2, 1, 0, 0, 0.999466666666667, 1
6, 769, 2, 1, 0, 0, 0.994133333333333, 1
6, 770, 2, 1, 0, 0, 0.998, 1
6, 771, 2, 1, 0, 0, 0.995866666666667, 1
6, 772, 2, 1, 0, 0, 0.998933333333333, 1
6, 773, 2, 1, 0, 0, 0.999866666666667, 1
6, 774, 2, 1, 0, 0, 0.995866666666667, 1
6, 775, 2, 1, 0, 0, 0.999333333333333, 1
6, 776, 2, 1, 0, 0, 0.995333333333333, 1
6, 777, 2, 1, 0, 0, 0.9968, 1
6, 778, 2, 1, 0, 0, 1, 1
6, 779, 2, 1, 0, 0, 0.999866666666667, 1
6, 780, 2, 1, 0, 0, 0.999733333333333, 1
6, 781, 2, 1, 0, 0, 0.990933333333333, 1
6, 782, 2, 1, 0, 0, 0.9948, 1
6, 783, 2, 1, 0, 0, 0.994133333333333, 1
6, 784, 2, 1, 0, 0, 1, 1
6, 785, 2, 1, 0, 0, 1, 1
6, 786, 2, 1, 0, 0, 1, 1
6, 787, 2, 1, 0, 0, 0.999733333333333, 1
6, 788, 2, 1, 0, 0, 0.999333333333333, 1
6, 789, 2, 1, 0, 0, 1, 1
6, 790, 2, 1, 0, 0, 0.999733333333333, 1
6, 791, 2, 1, 0, 0, 0.997733333333333, 1
6, 792, 2, 1, 0, 0, 0.9992, 1
6, 793, 2, 1, 0, 0, 0.995733333333333, 1
6, 794, 2, 1, 0, 0, 0.9936, 1
6, 795, 2, 1, 0, 0, 0.994266666666667, 1
6, 796, 2, 1, 0, 0, 0.999866666666667, 1
6, 797, 2, 1, 0, 0, 0.999866666666667, 1
6, 798, 2, 1, 0, 0, 0.999733333333333, 1
6, 799, 2, 1, 0, 0, 0.9992, 1
6, 800, 2, 1, 0, 0, 1, 1
6, 801, 2, 1, 0, 0, 0.9984, 1
6, 802, 2, 1, 0, 0, 1, 1
6, 803, 2, 1, 0, 0, 0.999333333333333, 1
6, 804, 2, 1, 0, 0, 0.999866666666667, 1
6, 805, 2, 1, 0, 0, 0.999466666666667, 1
6, 806, 2, 1, 0, 0, 1, 1
6, 807, 2, 1, 0, 0, 1, 1
6, 808, 2, 1, 0, 0, 0.999466666666667, 1
6, 809, 2, 1, 0, 0, 0.998133333333333, 1
6, 810, 2, 1, 0, 0, 0.999866666666667, 1
6, 811, 2, 1, 0, 0, 0.9856, 1
6, 812, 2, 1, 0, 0, 0.975333333333333, 1
6, 813, 2, 1, 0, 0, 0.994933333333333, 1
6, 814, 2, 1, 0, 0, 0.997733333333333, 1
6, 815, 2, 1, 0, 0, 1, 1
6, 816, 2, 1, 0, 0, 0.994133333333333, 1
6, 817, 2, 1, 0, 0, 0.990666666666667, 1
6, 818, 2, 1, 0, 0, 0.999333333333333, 1
6, 819, 2, 1, 0, 0, 0.9924, 1
6, 820, 2, 1, 0, 0, 1, 1
6, 821, 2, 1, 0, 0, 0.997866666666667, 1
6, 822, 2, 1, 0, 0, 1, 1
6, 823, 2, 1, 0, 0, 1, 1
6, 824, 2, 1, 0, 0, 1, 1
6, 825, 2, 1, 0, 0, 1, 1
6, 826, 2, 1, 0, 0, 0.995466666666667, 1
6, 827, 2, 1, 0, 0, 0.9996, 1
6, 828, 2, 1, 0, 0, 1, 1
6, 829, 2, 1, 0, 0, 0.999733333333333, 1
6, 830, 2, 1, 0, 0, 0.999866666666667, 1
6, 831, 2, 1, 0, 0, 1, 1
6, 832, 2, 1, 0, 0, 0.998533333333333, 1
6, 833, 2, 1, 0, 0, 1, 1
6, 834, 2, 1, 0, 0, 1, 1
6, 835, 2, 1, 0, 0, 0.999866666666667, 1
6, 836, 2, 1, 0, 0, 1, 1
6, 837, 2, 1, 0, 0, 1, 1
6, 838, 2, 1, 0, 0, 0.999866666666667, 1
6, 839, 2, 1, 0, 0, 1, 1
6, 840, 2, 1, 0, 0, 1, 1
6, 841, 2, 1, 0, 0, 1, 1
6, 842, 2, 1, 0, 0, 0.999733333333333, 1
6, 843, 2, 1, 0, 0, 0.990133333333333, 1
6, 844, 2, 1, 0, 0, 0.998933333333333, 1
6, 845, 2, 1, 0, 0, 0.9916, 1
6, 846, 2, 1, 0, 0, 1, 1
6, 847, 2, 1, 0, 0, 1, 1
6, 848, 2, 1, 0, 0, 0.998266666666667, 1
6, 849, 2, 1, 0, 0, 0.998533333333333, 1
6, 850, 2, 1, 0, 0, 0.999733333333333, 1
6, 851, 2, 1, 0, 0, 0.999866666666667, 1
6, 852, 2, 1, 0, 0, 0.999733333333333, 1
6, 853, 2, 1, 0, 0, 0.999733333333333, 1
6, 854, 2, 1, 0, 0, 1, 1
6, 855, 2, 1, 0, 0, 0.9984, 1
6, 856, 2, 1, 0, 0, 0.998133333333333, 1
6, 857, 2, 1, 0, 0, 0.978666666666667, 1
6, 858, 2, 1, 0, 0, 0.999866666666667, 1
6, 859, 2, 1, 0, 0, 1, 1
6, 860, 2, 1, 0, 0, 0.9988, 1
6, 861, 2, 1, 0, 0, 0.992933333333333, 1
6, 862, 2, 1, 0, 0, 1, 1
6, 863, 2, 1, 0, 0, 0.997466666666667, 1
6, 864, 2, 1, 0, 0, 1, 1
6, 865, 2, 1, 0, 0, 0.995333333333333, 1
6, 866, 2, 1, 0, 0, 1, 1
6, 867, 2, 1, 0, 0, 1, 1
6, 868, 2, 1, 0, 0, 0.998933333333333, 1
6, 869, 2, 1, 0, 0, 0.998133333333333, 1
6, 870, 2, 1, 0, 0, 0.993866666666667, 1
6, 871, 2, 1, 0, 0, 1, 1
6, 872, 2, 1, 0, 0, 0.999466666666667, 1
6, 873, 2, 1, 0, 0, 0.994666666666667, 1
6, 874, 2, 1, 0, 0, 0.999733333333333, 1
6, 875, 2, 1, 0, 0, 0.998533333333333, 1
6, 876, 2, 1, 0, 0, 0.995866666666667, 1
6, 877, 2, 1, 0, 0, 0.999333333333333, 1
6, 878, 2, 1, 0, 0, 0.997066666666667, 1
6, 879, 2, 1, 0, 0, 0.9928, 1
6, 880, 2, 1, 0, 0, 0.9992, 1
6, 881, 2, 1, 0, 0, 0.999466666666667, 1
6, 882, 2, 1, 0, 0, 0.991333333333333, 1
6, 883, 2, 1, 0, 0, 0.9996, 1
6, 884, 2, 1, 0, 0, 1, 1
6, 885, 2, 1, 0, 0, 0.999733333333333, 1
6, 886, 2, 1, 0, 0, 0.994266666666667, 1
6, 887, 2, 1, 0, 0, 0.996533333333333, 1
6, 888, 2, 1, 0, 0, 0.998533333333333, 1
6, 889, 2, 1, 0, 0, 1, 1
6, 890, 2, 1, 0, 0, 0.999866666666667, 1
6, 891, 2, 1, 0, 0, 1, 1
6, 892, 2, 1, 0, 0, 0.999333333333333, 1
6, 893, 2, 1, 0, 0, 0.9988, 1
6, 894, 2, 1, 0, 0, 0.999866666666667, 1
6, 895, 2, 1, 0, 0, 1, 1
6, 896, 2, 1, 0, 0, 1, 1
6, 897, 2, 1, 0, 0, 0.9832, 1
6, 898, 2, 1, 0, 0, 0.999733333333333, 1
6, 899, 2, 1, 0, 0, 0.9996, 1
6, 900, 2, 1, 0, 0, 1, 1
