GridIndex, TrialID, ISA, lAnalysis1.nGo, lAnalysis1.nNoGo, lAnalysis1.nPause, lAnalysis1.dPrGrtMAV, bISAAnalysisRun
1, 1, 2, 0, 0, 1, 0.156133333333333, 1
1, 2, 2, 0, 0, 1, 0.491333333333333, 1
1, 3, 2, 0, 0, 1, 0.155066666666667, 1
1, 4, 2, 0, 0, 1, 0.2512, 1
1, 5, 2, 0, 1, 0, 0.00173333333333333, 1
1, 6, 2, 0, 0, 1, 0.5292, 1
1, 7, 2, 0, 0, 1, 0.314666666666667, 1
1, 8, 2, 0, 0, 1, 0.3552, 1
1, 9, 2, 0, 0, 1, 0.471333333333333, 1
1, 10, 2, 0, 0, 1, 0.889866666666667, 1
1, 11, 2, 0, 0, 1, 0.3272, 1
1, 12, 2, 0, 0, 1, 0.446, 1
1, 13, 2, 0, 0, 1, 0.843466666666667, 1
1, 14, 2, 0, 0, 1, 0.917066666666667, 1
1, 15, 2, 0, 0, 1, 0.5832, 1
1, 16, 2, 1, 0, 0, 0.997866666666667, 1
1, 17, 2, 0, 0, 1, 0.553733333333333, 1
1, 18, 2, 0, 0, 1, 0.641733333333333, 1
1, 19, 2, 0, 0, 1, 0.3468, 1
1, 20, 2, 0, 0, 1, 0.543866666666667, 1
1, 21, 2, 0, 0, 1, 0.7544, 1
1, 22, 2, 0, 0, 1, 0.4868, 1
1, 23, 2, 0, 0, 1, 0.776933333333333, 1
1, 24, 2, 0, 0, 1, 0.388133333333333, 1
1, 25, 2, 0, 0, 1, 0.4616, 1
1, 26, 2, 0, 0, 1, 0.3516, 1
1, 27, 2, 1, 0, 0, 0.995333333333333, 1
1, 28, 2, 0, 0, 1, 0.425466666666667, 1
1, 29, 2, 0, 0, 1, 0.0544, 1
1, 30, 2, 0, 0, 1, 0.1768, 1
1, 31, 2, 0, 0, 1, 0.4896, 1
1, 32, 2, 0, 0, 1, 0.47, 1
1, 33, 2, 0, 0, 1, 0.446133333333333, 1
1, 34, 2, 0, 0, 1, 0.296666666666667, 1
1, 35, 2, 0, 0, 1, 0.225066666666667, 1
1, 36, 2, 0, 0, 1, 0.622666666666667, 1
1, 37, 2, 0, 0, 1, 0.226933333333333, 1
1, 38, 2, 0, 0, 1, 0.288266666666667, 1
1, 39, 2, 0, 0, 1, 0.6628, 1
1, 40, 2, 0, 0, 1, 0.4968, 1
1, 41, 2, 0, 0, 1, 0.202, 1
1, 42, 2, 0, 0, 1, 0.787733333333333, 1
1, 43, 2, 0, 0, 1, 0.4964, 1
1, 44, 2, 0, 0, 1, 0.7544, 1
1, 45, 2, 0, 0, 1, 0.4452, 1
1, 46, 2, 1, 0, 0, 0.9792, 1
1, 47, 2, 0, 0, 1, 0.340133333333333, 1
1, 48, 2, 0, 0, 1, 0.88, 1
1, 49, 2, 0, 0, 1, 0.673066666666667, 1
1, 50, 2, 0, 0, 1, 0.376666666666667, 1
1, 51, 2, 0, 0, 1, 0.9548, 1
1, 52, 2, 0, 0, 1, 0.717866666666667, 1
1, 53, 2, 0, 0, 1, 0.331733333333333, 1
1, 54, 2, 0, 0, 1, 0.8712, 1
1, 55, 2, 0, 0, 1, 0.5784, 1
1, 56, 2, 0, 0, 1, 0.5188, 1
1, 57, 2, 0, 0, 1, 0.152266666666667, 1
1, 58, 2, 0, 0, 1, 0.300666666666667, 1
1, 59, 2, 0, 0, 1, 0.173466666666667, 1
1, 60, 2, 0, 0, 1, 0.405733333333333, 1
1, 61, 2, 0, 0, 1, 0.816, 1
1, 62, 2, 0, 0, 1, 0.230666666666667, 1
1, 63, 2, 0, 0, 1, 0.0942666666666667, 1
1, 64, 2, 0, 0, 1, 0.145333333333333, 1
1, 65, 2, 0, 0, 1, 0.596266666666667, 1
1, 66, 2, 0, 0, 1, 0.288133333333333, 1
1, 67, 2, 1, 0, 0, 0.984533333333333, 1
1, 68, 2, 0, 0, 1, 0.4008, 1
1, 69, 2, 0, 1, 0, 0.000266666666666667, 1
1, 70, 2, 0, 0, 1, 0.5168, 1
1, 71, 2, 0, 0, 1, 0.827466666666667, 1
1, 72, 2, 0, 0, 1, 0.0604, 1
1, 73, 2, 0, 0, 1, 0.645733333333333, 1
1, 74, 2, 0, 0, 1, 0.289333333333333, 1
1, 75, 2, 0, 0, 1, 0.4356, 1
1, 76, 2, 0, 0, 1, 0.177866666666667, 1
1, 77, 2, 0, 0, 1, 0.415866666666667, 1
1, 78, 2, 0, 0, 1, 0.6448, 1
1, 79, 2, 0, 0, 1, 0.8896, 1
1, 80, 2, 0, 0, 1, 0.543333333333333, 1
1, 81, 2, 0, 0, 1, 0.531333333333333, 1
1, 82, 2, 0, 0, 1, 0.9112, 1
1, 83, 2, 0, 0, 1, 0.48, 1
1, 84, 2, 0, 0, 1, 0.2444, 1
1, 85, 2, 0, 0, 1, 0.167866666666667, 1
1, 86, 2, 0, 0, 1, 0.710533333333333, 1
1, 87, 2, 0, 0, 1, 0.5484, 1
1, 88, 2, 0, 0, 1, 0.162933333333333, 1
1, 89, 2, 0, 0, 1, 0.9016, 1
1, 90, 2, 0, 0, 1, 0.136266666666667, 1
1, 91, 2, 0, 0, 1, 0.8604, 1
1, 92, 2, 0, 0, 1, 0.520133333333333, 1
1, 93, 2, 0, 0, 1, 0.294133333333333, 1
1, 94, 2, 0, 0, 1, 0.247466666666667, 1
1, 95, 2, 0, 0, 1, 0.652933333333333, 1
1, 96, 2, 0, 0, 1, 0.493333333333333, 1
1, 97, 2, 0, 0, 1, 0.205466666666667, 1
1, 98, 2, 0, 0, 1, 0.519066666666667, 1
1, 99, 2, 0, 0, 1, 0.8544, 1
1, 100, 2, 0, 0, 1, 0.111866666666667, 1
1, 101, 2, 1, 0, 0, 1, 1
1, 102, 2, 1, 0, 0, 0.998666666666667, 1
1, 103, 2, 1, 0, 0, 1, 1
1, 104, 2, 1, 0, 0, 0.999733333333333, 1
1, 105, 2, 1, 0, 0, 0.9996, 1
1, 106, 2, 1, 0, 0, 0.999733333333333, 1
1, 107, 2, 1, 0, 0, 1, 1
1, 108, 2, 1, 0, 0, 1, 1
1, 109, 2, 1, 0, 0, 0.999866666666667, 1
1, 110, 2, 1, 0, 0, 1, 1
1, 111, 2, 1, 0, 0, 0.999866666666667, 1
1, 112, 2, 0, 0, 1, 0.968266666666667, 1
1, 113, 2, 1, 0, 0, 0.999866666666667, 1
1, 114, 2, 0, 0, 1, 0.8624, 1
1, 115, 2, 0, 0, 1, 0.9284, 1
1, 116, 2, 1, 0, 0, 0.9956, 1
1, 117, 2, 1, 0, 0, 0.9992, 1
1, 118, 2, 1, 0, 0, 0.999733333333333, 1
1, 119, 2, 1, 0, 0, 1, 1
1, 120, 2, 1, 0, 0, 1, 1
1, 121, 2, 1, 0, 0, 0.996, 1
1, 122, 2, 1, 0, 0, 0.999466666666667, 1
1, 123, 2, 1, 0, 0, 0.999733333333333, 1
1, 124, 2, 1, 0, 0, 1, 1
1, 125, 2, 1, 0, 0, 1, 1
1, 126, 2, 0, 0, 1, 0.949333333333333, 1
1, 127, 2, 1, 0, 0, 0.9956, 1
1, 128, 2, 1, 0, 0, 0.9876, 1
1, 129, 2, 1, 0, 0, 0.9996, 1
1, 130, 2, 1, 0, 0, 0.999333333333333, 1
1, 131, 2, 1, 0, 0, 0.999333333333333, 1
1, 132, 2, 1, 0, 0, 0.9976, 1
1, 133, 2, 1, 0, 0, 1, 1
1, 134, 2, 1, 0, 0, 0.999733333333333, 1
1, 135, 2, 1, 0, 0, 1, 1
1, 136, 2, 1, 0, 0, 0.984933333333333, 1
1, 137, 2, 1, 0, 0, 0.999866666666667, 1
1, 138, 2, 1, 0, 0, 1, 1
1, 139, 2, 1, 0, 0, 0.9996, 1
1, 140, 2, 1, 0, 0, 0.999866666666667, 1
1, 141, 2, 1, 0, 0, 1, 1
1, 142, 2, 1, 0, 0, 1, 1
1, 143, 2, 1, 0, 0, 1, 1
1, 144, 2, 1, 0, 0, 0.988133333333333, 1
1, 145, 2, 1, 0, 0, 0.997733333333333, 1
1, 146, 2, 1, 0, 0, 0.9996, 1
1, 147, 2, 1, 0, 0, 0.9996, 1
1, 148, 2, 1, 0, 0, 0.982, 1
1, 149, 2, 1, 0, 0, 0.999733333333333, 1
1, 150, 2, 1, 0, 0, 1, 1
1, 151, 2, 1, 0, 0, 1, 1
1, 152, 2, 1, 0, 0, 1, 1
1, 153, 2, 0, 0, 1, 0.873333333333333, 1
1, 154, 2, 1, 0, 0, 1, 1
1, 155, 2, 1, 0, 0, 1, 1
1, 156, 2, 1, 0, 0, 0.993733333333333, 1
1, 157, 2, 1, 0, 0, 0.999733333333333, 1
1, 158, 2, 1, 0, 0, 0.999333333333333, 1
1, 159, 2, 1, 0, 0, 0.999866666666667, 1
1, 160, 2, 1, 0, 0, 1, 1
1, 161, 2, 1, 0, 0, 0.999866666666667, 1
1, 162, 2, 1, 0, 0, 1, 1
1, 163, 2, 1, 0, 0, 1, 1
1, 164, 2, 0, 0, 1, 0.957333333333333, 1
1, 165, 2, 1, 0, 0, 1, 1
1, 166, 2, 1, 0, 0, 0.9844, 1
1, 167, 2, 1, 0, 0, 1, 1
1, 168, 2, 1, 0, 0, 1, 1
1, 169, 2, 1, 0, 0, 0.999866666666667, 1
1, 170, 2, 1, 0, 0, 0.999866666666667, 1
1, 171, 2, 1, 0, 0, 1, 1
1, 172, 2, 1, 0, 0, 0.999466666666667, 1
1, 173, 2, 1, 0, 0, 0.999866666666667, 1
1, 174, 2, 1, 0, 0, 1, 1
1, 175, 2, 1, 0, 0, 0.9992, 1
1, 176, 2, 1, 0, 0, 1, 1
1, 177, 2, 1, 0, 0, 0.9996, 1
1, 178, 2, 1, 0, 0, 1, 1
1, 179, 2, 1, 0, 0, 1, 1
1, 180, 2, 1, 0, 0, 1, 1
1, 181, 2, 1, 0, 0, 0.999866666666667, 1
1, 182, 2, 1, 0, 0, 0.989733333333333, 1
1, 183, 2, 1, 0, 0, 0.9996, 1
1, 184, 2, 1, 0, 0, 1, 1
1, 185, 2, 0, 0, 1, 0.96, 1
1, 186, 2, 1, 0, 0, 0.999466666666667, 1
1, 187, 2, 1, 0, 0, 0.982266666666667, 1
1, 188, 2, 1, 0, 0, 0.994533333333333, 1
1, 189, 2, 1, 0, 0, 0.9992, 1
1, 190, 2, 1, 0, 0, 1, 1
1, 191, 2, 1, 0, 0, 0.997466666666667, 1
1, 192, 2, 1, 0, 0, 1, 1
1, 193, 2, 0, 0, 1, 0.973866666666667, 1
1, 194, 2, 1, 0, 0, 0.994133333333333, 1
1, 195, 2, 1, 0, 0, 0.9864, 1
1, 196, 2, 0, 0, 1, 0.892533333333333, 1
1, 197, 2, 1, 0, 0, 0.999333333333333, 1
1, 198, 2, 0, 0, 1, 0.927733333333333, 1
1, 199, 2, 1, 0, 0, 0.9996, 1
1, 200, 2, 1, 0, 0, 0.997066666666667, 1
1, 201, 2, 0, 0, 1, 0.358666666666667, 1
1, 202, 2, 0, 0, 1, 0.5772, 1
1, 203, 2, 0, 0, 1, 0.9432, 1
1, 204, 2, 0, 0, 1, 0.3444, 1
1, 205, 2, 0, 0, 1, 0.336266666666667, 1
1, 206, 2, 0, 1, 0, 0.0016, 1
1, 207, 2, 0, 0, 1, 0.24, 1
1, 208, 2, 0, 0, 1, 0.825733333333333, 1
1, 209, 2, 0, 0, 1, 0.9628, 1
1, 210, 2, 0, 0, 1, 0.412666666666667, 1
1, 211, 2, 0, 0, 1, 0.0696, 1
1, 212, 2, 0, 0, 1, 0.1432, 1
1, 213, 2, 0, 0, 1, 0.748133333333333, 1
1, 214, 2, 0, 0, 1, 0.531733333333333, 1
1, 215, 2, 0, 0, 1, 0.9452, 1
1, 216, 2, 0, 0, 1, 0.0653333333333333, 1
1, 217, 2, 0, 0, 1, 0.437333333333333, 1
1, 218, 2, 0, 0, 1, 0.360933333333333, 1
1, 219, 2, 0, 0, 1, 0.121866666666667, 1
1, 220, 2, 0, 0, 1, 0.732, 1
1, 221, 2, 0, 0, 1, 0.248933333333333, 1
1, 222, 2, 0, 0, 1, 0.237733333333333, 1
1, 223, 2, 0, 0, 1, 0.5724, 1
1, 224, 2, 0, 0, 1, 0.8388, 1
1, 225, 2, 0, 0, 1, 0.153866666666667, 1
1, 226, 2, 0, 0, 1, 0.7744, 1
1, 227, 2, 0, 0, 1, 0.8348, 1
1, 228, 2, 0, 0, 1, 0.0604, 1
1, 229, 2, 0, 0, 1, 0.902, 1
1, 230, 2, 0, 0, 1, 0.3944, 1
1, 231, 2, 0, 0, 1, 0.138533333333333, 1
1, 232, 2, 0, 0, 1, 0.215466666666667, 1
1, 233, 2, 0, 0, 1, 0.846133333333333, 1
1, 234, 2, 0, 0, 1, 0.876933333333333, 1
1, 235, 2, 0, 0, 1, 0.194533333333333, 1
1, 236, 2, 0, 0, 1, 0.966666666666667, 1
1, 237, 2, 0, 0, 1, 0.124666666666667, 1
1, 238, 2, 0, 0, 1, 0.417866666666667, 1
1, 239, 2, 0, 0, 1, 0.967466666666667, 1
1, 240, 2, 0, 0, 1, 0.194533333333333, 1
1, 241, 2, 0, 0, 1, 0.5076, 1
1, 242, 2, 0, 0, 1, 0.431333333333333, 1
1, 243, 2, 0, 0, 1, 0.916533333333333, 1
1, 244, 2, 0, 0, 1, 0.165733333333333, 1
1, 245, 2, 0, 0, 1, 0.226133333333333, 1
1, 246, 2, 0, 0, 1, 0.5024, 1
1, 247, 2, 0, 0, 1, 0.291466666666667, 1
1, 248, 2, 0, 0, 1, 0.740133333333333, 1
1, 249, 2, 0, 0, 1, 0.305066666666667, 1
1, 250, 2, 0, 0, 1, 0.314533333333333, 1
1, 251, 2, 0, 0, 1, 0.4612, 1
1, 252, 2, 0, 0, 1, 0.761466666666667, 1
1, 253, 2, 0, 0, 1, 0.225866666666667, 1
1, 254, 2, 0, 0, 1, 0.6624, 1
1, 255, 2, 0, 0, 1, 0.2328, 1
1, 256, 2, 0, 0, 1, 0.3492, 1
1, 257, 2, 0, 0, 1, 0.787333333333333, 1
1, 258, 2, 0, 0, 1, 0.0548, 1
1, 259, 2, 0, 0, 1, 0.671866666666667, 1
1, 260, 2, 0, 0, 1, 0.346666666666667, 1
1, 261, 2, 0, 0, 1, 0.526, 1
1, 262, 2, 0, 0, 1, 0.929466666666667, 1
1, 263, 2, 0, 0, 1, 0.5212, 1
1, 264, 2, 0, 0, 1, 0.277866666666667, 1
1, 265, 2, 0, 0, 1, 0.8708, 1
1, 266, 2, 0, 0, 1, 0.6788, 1
1, 267, 2, 0, 0, 1, 0.935866666666667, 1
1, 268, 2, 0, 0, 1, 0.506, 1
1, 269, 2, 0, 0, 1, 0.1348, 1
1, 270, 2, 0, 0, 1, 0.798933333333333, 1
1, 271, 2, 0, 0, 1, 0.171066666666667, 1
1, 272, 2, 0, 0, 1, 0.942133333333333, 1
1, 273, 2, 0, 1, 0, 0.0424, 1
1, 274, 2, 0, 0, 1, 0.0550666666666667, 1
1, 275, 2, 0, 0, 1, 0.437866666666667, 1
1, 276, 2, 0, 0, 1, 0.1584, 1
1, 277, 2, 0, 0, 1, 0.6104, 1
1, 278, 2, 0, 0, 1, 0.202, 1
1, 279, 2, 0, 0, 1, 0.0990666666666667, 1
1, 280, 2, 0, 0, 1, 0.155866666666667, 1
1, 281, 2, 0, 0, 1, 0.158533333333333, 1
1, 282, 2, 0, 0, 1, 0.541066666666667, 1
1, 283, 2, 0, 0, 1, 0.082, 1
1, 284, 2, 0, 0, 1, 0.402933333333333, 1
1, 285, 2, 0, 0, 1, 0.877333333333333, 1
1, 286, 2, 0, 0, 1, 0.4564, 1
1, 287, 2, 0, 0, 1, 0.201866666666667, 1
1, 288, 2, 0, 0, 1, 0.9492, 1
1, 289, 2, 0, 1, 0, 0.0364, 1
1, 290, 2, 0, 0, 1, 0.1624, 1
1, 291, 2, 0, 0, 1, 0.786666666666667, 1
1, 292, 2, 0, 0, 1, 0.0966666666666667, 1
1, 293, 2, 0, 0, 1, 0.0957333333333333, 1
1, 294, 2, 0, 0, 1, 0.714133333333333, 1
1, 295, 2, 0, 0, 1, 0.8276, 1
1, 296, 2, 0, 0, 1, 0.0569333333333333, 1
1, 297, 2, 0, 0, 1, 0.236266666666667, 1
1, 298, 2, 0, 0, 1, 0.0529333333333333, 1
1, 299, 2, 0, 0, 1, 0.4908, 1
1, 300, 2, 0, 1, 0, 0.0205333333333333, 1
1, 301, 2, 1, 0, 0, 0.999466666666667, 1
1, 302, 2, 1, 0, 0, 0.999466666666667, 1
1, 303, 2, 1, 0, 0, 1, 1
1, 304, 2, 1, 0, 0, 1, 1
1, 305, 2, 1, 0, 0, 1, 1
1, 306, 2, 1, 0, 0, 1, 1
1, 307, 2, 1, 0, 0, 0.985333333333333, 1
1, 308, 2, 1, 0, 0, 1, 1
1, 309, 2, 1, 0, 0, 1, 1
1, 310, 2, 1, 0, 0, 1, 1
1, 311, 2, 1, 0, 0, 0.992933333333333, 1
1, 312, 2, 1, 0, 0, 0.999733333333333, 1
1, 313, 2, 1, 0, 0, 0.9868, 1
1, 314, 2, 1, 0, 0, 1, 1
1, 315, 2, 1, 0, 0, 0.999733333333333, 1
1, 316, 2, 1, 0, 0, 0.9992, 1
1, 317, 2, 1, 0, 0, 1, 1
1, 318, 2, 1, 0, 0, 1, 1
1, 319, 2, 1, 0, 0, 1, 1
1, 320, 2, 1, 0, 0, 1, 1
1, 321, 2, 1, 0, 0, 0.999466666666667, 1
1, 322, 2, 1, 0, 0, 0.999866666666667, 1
1, 323, 2, 1, 0, 0, 1, 1
1, 324, 2, 1, 0, 0, 1, 1
1, 325, 2, 1, 0, 0, 0.9996, 1
1, 326, 2, 1, 0, 0, 1, 1
1, 327, 2, 1, 0, 0, 1, 1
1, 328, 2, 1, 0, 0, 0.999866666666667, 1
1, 329, 2, 1, 0, 0, 1, 1
1, 330, 2, 1, 0, 0, 1, 1
1, 331, 2, 1, 0, 0, 0.999733333333333, 1
1, 332, 2, 1, 0, 0, 0.996666666666667, 1
1, 333, 2, 1, 0, 0, 0.999466666666667, 1
1, 334, 2, 1, 0, 0, 1, 1
1, 335, 2, 1, 0, 0, 0.998266666666667, 1
1, 336, 2, 1, 0, 0, 0.999466666666667, 1
1, 337, 2, 1, 0, 0, 0.999066666666667, 1
1, 338, 2, 1, 0, 0, 1, 1
1, 339, 2, 1, 0, 0, 0.9996, 1
1, 340, 2, 1, 0, 0, 0.994666666666667, 1
1, 341, 2, 1, 0, 0, 1, 1
1, 342, 2, 1, 0, 0, 1, 1
1, 343, 2, 0, 0, 1, 0.938666666666667, 1
1, 344, 2, 1, 0, 0, 1, 1
1, 345, 2, 1, 0, 0, 1, 1
1, 346, 2, 1, 0, 0, 0.998666666666667, 1
1, 347, 2, 1, 0, 0, 0.9912, 1
1, 348, 2, 1, 0, 0, 0.999866666666667, 1
1, 349, 2, 1, 0, 0, 1, 1
1, 350, 2, 1, 0, 0, 0.9992, 1
1, 351, 2, 1, 0, 0, 0.996, 1
1, 352, 2, 1, 0, 0, 0.9972, 1
1, 353, 2, 1, 0, 0, 1, 1
1, 354, 2, 1, 0, 0, 1, 1
1, 355, 2, 1, 0, 0, 0.9972, 1
1, 356, 2, 1, 0, 0, 0.990933333333333, 1
1, 357, 2, 1, 0, 0, 0.999866666666667, 1
1, 358, 2, 1, 0, 0, 1, 1
1, 359, 2, 1, 0, 0, 0.997733333333333, 1
1, 360, 2, 1, 0, 0, 1, 1
1, 361, 2, 1, 0, 0, 0.999333333333333, 1
1, 362, 2, 1, 0, 0, 1, 1
1, 363, 2, 1, 0, 0, 1, 1
1, 364, 2, 1, 0, 0, 0.986666666666667, 1
1, 365, 2, 1, 0, 0, 0.990533333333333, 1
1, 366, 2, 1, 0, 0, 1, 1
1, 367, 2, 1, 0, 0, 0.9996, 1
1, 368, 2, 1, 0, 0, 0.999466666666667, 1
1, 369, 2, 1, 0, 0, 0.990933333333333, 1
1, 370, 2, 1, 0, 0, 0.9988, 1
1, 371, 2, 1, 0, 0, 1, 1
1, 372, 2, 1, 0, 0, 1, 1
1, 373, 2, 1, 0, 0, 1, 1
1, 374, 2, 1, 0, 0, 1, 1
1, 375, 2, 1, 0, 0, 0.999866666666667, 1
1, 376, 2, 1, 0, 0, 0.999466666666667, 1
1, 377, 2, 1, 0, 0, 1, 1
1, 378, 2, 1, 0, 0, 1, 1
1, 379, 2, 1, 0, 0, 1, 1
1, 380, 2, 1, 0, 0, 1, 1
1, 381, 2, 1, 0, 0, 0.9996, 1
1, 382, 2, 1, 0, 0, 0.99, 1
1, 383, 2, 1, 0, 0, 1, 1
1, 384, 2, 1, 0, 0, 0.990933333333333, 1
1, 385, 2, 1, 0, 0, 0.999733333333333, 1
1, 386, 2, 1, 0, 0, 1, 1
1, 387, 2, 1, 0, 0, 1, 1
1, 388, 2, 1, 0, 0, 0.990533333333333, 1
1, 389, 2, 0, 0, 1, 0.96, 1
1, 390, 2, 1, 0, 0, 0.9944, 1
1, 391, 2, 1, 0, 0, 0.9984, 1
1, 392, 2, 1, 0, 0, 0.9988, 1
1, 393, 2, 1, 0, 0, 0.9992, 1
1, 394, 2, 1, 0, 0, 1, 1
1, 395, 2, 1, 0, 0, 0.999866666666667, 1
1, 396, 2, 1, 0, 0, 1, 1
1, 397, 2, 1, 0, 0, 0.9968, 1
1, 398, 2, 1, 0, 0, 0.994266666666667, 1
1, 399, 2, 1, 0, 0, 0.993466666666667, 1
1, 400, 2, 1, 0, 0, 1, 1
1, 401, 2, 0, 0, 1, 0.469066666666667, 1
1, 402, 2, 0, 0, 1, 0.288, 1
1, 403, 2, 0, 0, 1, 0.727066666666667, 1
1, 404, 2, 0, 0, 1, 0.606933333333333, 1
1, 405, 2, 0, 0, 1, 0.8584, 1
1, 406, 2, 0, 0, 1, 0.0605333333333333, 1
1, 407, 2, 0, 0, 1, 0.393733333333333, 1
1, 408, 2, 0, 0, 1, 0.372, 1
1, 409, 2, 0, 0, 1, 0.700266666666667, 1
1, 410, 2, 0, 0, 1, 0.256933333333333, 1
1, 411, 2, 0, 0, 1, 0.706133333333333, 1
1, 412, 2, 0, 0, 1, 0.762, 1
1, 413, 2, 0, 0, 1, 0.650266666666667, 1
1, 414, 2, 0, 0, 1, 0.3912, 1
1, 415, 2, 0, 0, 1, 0.872133333333333, 1
1, 416, 2, 0, 0, 1, 0.123066666666667, 1
1, 417, 2, 0, 0, 1, 0.8828, 1
1, 418, 2, 0, 1, 0, 0.0433333333333333, 1
1, 419, 2, 0, 0, 1, 0.199466666666667, 1
1, 420, 2, 0, 0, 1, 0.573466666666667, 1
1, 421, 2, 0, 1, 0, 0.0261333333333333, 1
1, 422, 2, 0, 0, 1, 0.316266666666667, 1
1, 423, 2, 0, 0, 1, 0.443066666666667, 1
1, 424, 2, 0, 0, 1, 0.406533333333333, 1
1, 425, 2, 0, 0, 1, 0.1088, 1
1, 426, 2, 0, 0, 1, 0.4128, 1
1, 427, 2, 0, 0, 1, 0.6208, 1
1, 428, 2, 0, 0, 1, 0.3016, 1
1, 429, 2, 1, 0, 0, 0.9956, 1
1, 430, 2, 0, 0, 1, 0.4148, 1
1, 431, 2, 1, 0, 0, 0.998666666666667, 1
1, 432, 2, 0, 0, 1, 0.844533333333333, 1
1, 433, 2, 0, 0, 1, 0.619733333333333, 1
1, 434, 2, 0, 0, 1, 0.617333333333333, 1
1, 435, 2, 1, 0, 0, 0.984133333333333, 1
1, 436, 2, 0, 0, 1, 0.127066666666667, 1
1, 437, 2, 0, 0, 1, 0.762, 1
1, 438, 2, 0, 0, 1, 0.294666666666667, 1
1, 439, 2, 0, 0, 1, 0.185466666666667, 1
1, 440, 2, 0, 1, 0, 0.0048, 1
1, 441, 2, 0, 0, 1, 0.205333333333333, 1
1, 442, 2, 0, 0, 1, 0.928266666666667, 1
1, 443, 2, 0, 0, 1, 0.924533333333333, 1
1, 444, 2, 0, 0, 1, 0.295066666666667, 1
1, 445, 2, 0, 0, 1, 0.2564, 1
1, 446, 2, 0, 0, 1, 0.7368, 1
1, 447, 2, 0, 0, 1, 0.0970666666666667, 1
1, 448, 2, 0, 1, 0, 0.0404, 1
1, 449, 2, 0, 1, 0, 0.00933333333333333, 1
1, 450, 2, 0, 0, 1, 0.178133333333333, 1
1, 451, 2, 0, 0, 1, 0.148, 1
1, 452, 2, 0, 0, 1, 0.758, 1
1, 453, 2, 0, 0, 1, 0.681333333333333, 1
1, 454, 2, 0, 0, 1, 0.252133333333333, 1
1, 455, 2, 0, 0, 1, 0.315066666666667, 1
1, 456, 2, 0, 0, 1, 0.4168, 1
1, 457, 2, 1, 0, 0, 0.9996, 1
1, 458, 2, 0, 0, 1, 0.452266666666667, 1
1, 459, 2, 0, 0, 1, 0.6552, 1
1, 460, 2, 0, 0, 1, 0.696666666666667, 1
1, 461, 2, 0, 0, 1, 0.369733333333333, 1
1, 462, 2, 0, 0, 1, 0.131466666666667, 1
1, 463, 2, 0, 0, 1, 0.3728, 1
1, 464, 2, 0, 0, 1, 0.5564, 1
1, 465, 2, 0, 0, 1, 0.922666666666667, 1
1, 466, 2, 0, 0, 1, 0.814933333333333, 1
1, 467, 2, 0, 0, 1, 0.676133333333333, 1
1, 468, 2, 0, 0, 1, 0.394, 1
1, 469, 2, 0, 0, 1, 0.713466666666667, 1
1, 470, 2, 0, 0, 1, 0.430533333333333, 1
1, 471, 2, 0, 0, 1, 0.969866666666667, 1
1, 472, 2, 0, 0, 1, 0.3196, 1
1, 473, 2, 0, 0, 1, 0.597733333333333, 1
1, 474, 2, 0, 0, 1, 0.326533333333333, 1
1, 475, 2, 0, 0, 1, 0.6852, 1
1, 476, 2, 0, 0, 1, 0.4976, 1
1, 477, 2, 0, 0, 1, 0.579066666666667, 1
1, 478, 2, 0, 0, 1, 0.3192, 1
1, 479, 2, 0, 0, 1, 0.5004, 1
1, 480, 2, 0, 0, 1, 0.2272, 1
1, 481, 2, 0, 0, 1, 0.5908, 1
1, 482, 2, 0, 0, 1, 0.333333333333333, 1
1, 483, 2, 0, 0, 1, 0.192133333333333, 1
1, 484, 2, 0, 0, 1, 0.496933333333333, 1
1, 485, 2, 0, 0, 1, 0.872666666666667, 1
1, 486, 2, 0, 0, 1, 0.714133333333333, 1
1, 487, 2, 0, 0, 1, 0.305866666666667, 1
1, 488, 2, 0, 0, 1, 0.9128, 1
1, 489, 2, 0, 0, 1, 0.216, 1
1, 490, 2, 0, 0, 1, 0.548266666666667, 1
1, 491, 2, 0, 0, 1, 0.4568, 1
1, 492, 2, 0, 0, 1, 0.919066666666667, 1
1, 493, 2, 0, 0, 1, 0.6656, 1
1, 494, 2, 0, 0, 1, 0.62, 1
1, 495, 2, 0, 0, 1, 0.512533333333333, 1
1, 496, 2, 0, 0, 1, 0.146666666666667, 1
1, 497, 2, 0, 0, 1, 0.2352, 1
1, 498, 2, 0, 1, 0, 0.0473333333333333, 1
1, 499, 2, 0, 0, 1, 0.5076, 1
1, 500, 2, 0, 0, 1, 0.597733333333333, 1
1, 501, 2, 1, 0, 0, 0.995333333333333, 1
1, 502, 2, 1, 0, 0, 1, 1
1, 503, 2, 0, 0, 1, 0.923333333333333, 1
1, 504, 2, 1, 0, 0, 1, 1
1, 505, 2, 1, 0, 0, 1, 1
1, 506, 2, 1, 0, 0, 1, 1
1, 507, 2, 1, 0, 0, 0.999866666666667, 1
1, 508, 2, 1, 0, 0, 1, 1
1, 509, 2, 1, 0, 0, 1, 1
1, 510, 2, 1, 0, 0, 1, 1
1, 511, 2, 1, 0, 0, 1, 1
1, 512, 2, 1, 0, 0, 1, 1
1, 513, 2, 1, 0, 0, 1, 1
1, 514, 2, 1, 0, 0, 1, 1
1, 515, 2, 1, 0, 0, 1, 1
1, 516, 2, 1, 0, 0, 1, 1
1, 517, 2, 1, 0, 0, 1, 1
1, 518, 2, 1, 0, 0, 0.998933333333333, 1
1, 519, 2, 1, 0, 0, 1, 1
1, 520, 2, 1, 0, 0, 1, 1
1, 521, 2, 1, 0, 0, 1, 1
1, 522, 2, 1, 0, 0, 1, 1
1, 523, 2, 1, 0, 0, 0.9992, 1
1, 524, 2, 1, 0, 0, 1, 1
1, 525, 2, 1, 0, 0, 1, 1
1, 526, 2, 1, 0, 0, 0.9964, 1
1, 527, 2, 1, 0, 0, 1, 1
1, 528, 2, 1, 0, 0, 0.9932, 1
1, 529, 2, 1, 0, 0, 1, 1
1, 530, 2, 1, 0, 0, 1, 1
1, 531, 2, 1, 0, 0, 1, 1
1, 532, 2, 1, 0, 0, 1, 1
1, 533, 2, 1, 0, 0, 1, 1
1, 534, 2, 1, 0, 0, 1, 1
1, 535, 2, 1, 0, 0, 1, 1
1, 536, 2, 1, 0, 0, 1, 1
1, 537, 2, 1, 0, 0, 1, 1
1, 538, 2, 1, 0, 0, 0.999866666666667, 1
1, 539, 2, 1, 0, 0, 0.999733333333333, 1
1, 540, 2, 1, 0, 0, 1, 1
1, 541, 2, 1, 0, 0, 1, 1
1, 542, 2, 1, 0, 0, 1, 1
1, 543, 2, 1, 0, 0, 1, 1
1, 544, 2, 1, 0, 0, 0.9992, 1
1, 545, 2, 1, 0, 0, 1, 1
1, 546, 2, 1, 0, 0, 0.9992, 1
1, 547, 2, 1, 0, 0, 1, 1
1, 548, 2, 1, 0, 0, 0.983466666666667, 1
1, 549, 2, 1, 0, 0, 0.9924, 1
1, 550, 2, 1, 0, 0, 1, 1
1, 551, 2, 1, 0, 0, 1, 1
1, 552, 2, 1, 0, 0, 0.999866666666667, 1
1, 553, 2, 1, 0, 0, 0.996933333333333, 1
1, 554, 2, 1, 0, 0, 1, 1
1, 555, 2, 1, 0, 0, 0.999866666666667, 1
1, 556, 2, 1, 0, 0, 0.9908, 1
1, 557, 2, 1, 0, 0, 1, 1
1, 558, 2, 1, 0, 0, 1, 1
1, 559, 2, 1, 0, 0, 1, 1
1, 560, 2, 1, 0, 0, 1, 1
1, 561, 2, 1, 0, 0, 0.997866666666667, 1
1, 562, 2, 1, 0, 0, 0.999866666666667, 1
1, 563, 2, 1, 0, 0, 0.9996, 1
1, 564, 2, 1, 0, 0, 0.999866666666667, 1
1, 565, 2, 1, 0, 0, 0.9996, 1
1, 566, 2, 1, 0, 0, 1, 1
1, 567, 2, 1, 0, 0, 1, 1
1, 568, 2, 1, 0, 0, 0.999866666666667, 1
1, 569, 2, 1, 0, 0, 1, 1
1, 570, 2, 1, 0, 0, 0.9996, 1
1, 571, 2, 1, 0, 0, 0.999866666666667, 1
1, 572, 2, 1, 0, 0, 0.999333333333333, 1
1, 573, 2, 1, 0, 0, 1, 1
1, 574, 2, 1, 0, 0, 1, 1
1, 575, 2, 1, 0, 0, 1, 1
1, 576, 2, 1, 0, 0, 1, 1
1, 577, 2, 1, 0, 0, 0.9964, 1
1, 578, 2, 1, 0, 0, 1, 1
1, 579, 2, 1, 0, 0, 1, 1
1, 580, 2, 1, 0, 0, 1, 1
1, 581, 2, 1, 0, 0, 0.999333333333333, 1
1, 582, 2, 1, 0, 0, 1, 1
1, 583, 2, 1, 0, 0, 0.999866666666667, 1
1, 584, 2, 1, 0, 0, 1, 1
1, 585, 2, 1, 0, 0, 1, 1
1, 586, 2, 1, 0, 0, 0.998533333333333, 1
1, 587, 2, 1, 0, 0, 1, 1
1, 588, 2, 1, 0, 0, 1, 1
1, 589, 2, 1, 0, 0, 0.990666666666667, 1
1, 590, 2, 1, 0, 0, 1, 1
1, 591, 2, 1, 0, 0, 0.999733333333333, 1
1, 592, 2, 1, 0, 0, 0.999866666666667, 1
1, 593, 2, 1, 0, 0, 1, 1
1, 594, 2, 1, 0, 0, 1, 1
1, 595, 2, 0, 0, 1, 0.974266666666667, 1
1, 596, 2, 1, 0, 0, 1, 1
1, 597, 2, 1, 0, 0, 1, 1
1, 598, 2, 1, 0, 0, 1, 1
1, 599, 2, 1, 0, 0, 0.9996, 1
1, 600, 2, 1, 0, 0, 1, 1
1, 601, 2, 1, 0, 0, 0.9972, 1
1, 602, 2, 1, 0, 0, 0.9792, 1
1, 603, 2, 0, 0, 1, 0.968533333333333, 1
1, 604, 2, 0, 0, 1, 0.967866666666667, 1
1, 605, 2, 1, 0, 0, 0.9992, 1
1, 606, 2, 0, 0, 1, 0.749333333333333, 1
1, 607, 2, 1, 0, 0, 0.990533333333333, 1
1, 608, 2, 0, 0, 1, 0.965066666666667, 1
1, 609, 2, 1, 0, 0, 0.9952, 1
1, 610, 2, 0, 0, 1, 0.956133333333333, 1
1, 611, 2, 1, 0, 0, 0.9968, 1
1, 612, 2, 1, 0, 0, 0.9948, 1
1, 613, 2, 0, 0, 1, 0.848, 1
1, 614, 2, 0, 0, 1, 0.840133333333333, 1
1, 615, 2, 0, 0, 1, 0.786933333333333, 1
1, 616, 2, 0, 0, 1, 0.556133333333333, 1
1, 617, 2, 1, 0, 0, 0.994266666666667, 1
1, 618, 2, 1, 0, 0, 0.991866666666667, 1
1, 619, 2, 1, 0, 0, 0.995333333333333, 1
1, 620, 2, 0, 0, 1, 0.9676, 1
1, 621, 2, 0, 0, 1, 0.784933333333333, 1
1, 622, 2, 1, 0, 0, 0.9848, 1
1, 623, 2, 0, 0, 1, 0.861066666666667, 1
1, 624, 2, 0, 0, 1, 0.8568, 1
1, 625, 2, 0, 0, 1, 0.898266666666667, 1
1, 626, 2, 1, 0, 0, 0.984533333333333, 1
1, 627, 2, 0, 0, 1, 0.880266666666667, 1
1, 628, 2, 1, 0, 0, 0.998533333333333, 1
1, 629, 2, 1, 0, 0, 0.9996, 1
1, 630, 2, 0, 0, 1, 0.506666666666667, 1
1, 631, 2, 1, 0, 0, 1, 1
1, 632, 2, 1, 0, 0, 0.996666666666667, 1
1, 633, 2, 1, 0, 0, 0.9992, 1
1, 634, 2, 1, 0, 0, 0.999733333333333, 1
1, 635, 2, 0, 0, 1, 0.9748, 1
1, 636, 2, 1, 0, 0, 0.999733333333333, 1
1, 637, 2, 1, 0, 0, 0.9952, 1
1, 638, 2, 0, 0, 1, 0.775466666666667, 1
1, 639, 2, 0, 0, 1, 0.879066666666667, 1
1, 640, 2, 0, 0, 1, 0.937333333333333, 1
1, 641, 2, 0, 0, 1, 0.970533333333333, 1
1, 642, 2, 0, 0, 1, 0.933066666666667, 1
1, 643, 2, 1, 0, 0, 0.9844, 1
1, 644, 2, 1, 0, 0, 1, 1
1, 645, 2, 1, 0, 0, 0.998533333333333, 1
1, 646, 2, 1, 0, 0, 0.999466666666667, 1
1, 647, 2, 1, 0, 0, 0.997066666666667, 1
1, 648, 2, 1, 0, 0, 0.9988, 1
1, 649, 2, 1, 0, 0, 0.999733333333333, 1
1, 650, 2, 1, 0, 0, 0.9988, 1
1, 651, 2, 0, 0, 1, 0.949066666666667, 1
1, 652, 2, 1, 0, 0, 0.9904, 1
1, 653, 2, 1, 0, 0, 0.999866666666667, 1
1, 654, 2, 0, 0, 1, 0.687333333333333, 1
1, 655, 2, 0, 0, 1, 0.9708, 1
1, 656, 2, 1, 0, 0, 0.999866666666667, 1
1, 657, 2, 1, 0, 0, 0.9992, 1
1, 658, 2, 0, 0, 1, 0.900933333333333, 1
1, 659, 2, 1, 0, 0, 1, 1
1, 660, 2, 0, 0, 1, 0.8672, 1
1, 661, 2, 0, 0, 1, 0.8356, 1
1, 662, 2, 1, 0, 0, 0.996533333333333, 1
1, 663, 2, 1, 0, 0, 0.9984, 1
1, 664, 2, 0, 0, 1, 0.9136, 1
1, 665, 2, 0, 0, 1, 0.970666666666667, 1
1, 666, 2, 1, 0, 0, 0.999866666666667, 1
1, 667, 2, 0, 0, 1, 0.785866666666667, 1
1, 668, 2, 0, 0, 1, 0.856666666666667, 1
1, 669, 2, 0, 0, 1, 0.386666666666667, 1
1, 670, 2, 1, 0, 0, 0.996533333333333, 1
1, 671, 2, 1, 0, 0, 0.995733333333333, 1
1, 672, 2, 0, 0, 1, 0.945066666666667, 1
1, 673, 2, 0, 0, 1, 0.940933333333333, 1
1, 674, 2, 1, 0, 0, 0.9816, 1
1, 675, 2, 1, 0, 0, 0.998133333333333, 1
1, 676, 2, 0, 0, 1, 0.9256, 1
1, 677, 2, 0, 0, 1, 0.947866666666667, 1
1, 678, 2, 0, 0, 1, 0.961333333333333, 1
1, 679, 2, 0, 0, 1, 0.616, 1
1, 680, 2, 1, 0, 0, 0.9988, 1
1, 681, 2, 1, 0, 0, 1, 1
1, 682, 2, 0, 0, 1, 0.8088, 1
1, 683, 2, 0, 0, 1, 0.770533333333333, 1
1, 684, 2, 0, 0, 1, 0.700266666666667, 1
1, 685, 2, 1, 0, 0, 0.996933333333333, 1
1, 686, 2, 0, 0, 1, 0.779733333333333, 1
1, 687, 2, 0, 0, 1, 0.964533333333333, 1
1, 688, 2, 0, 0, 1, 0.937066666666667, 1
1, 689, 2, 1, 0, 0, 0.9864, 1
1, 690, 2, 0, 0, 1, 0.688133333333333, 1
1, 691, 2, 0, 0, 1, 0.9696, 1
1, 692, 2, 0, 0, 1, 0.965866666666667, 1
1, 693, 2, 0, 0, 1, 0.939733333333333, 1
1, 694, 2, 1, 0, 0, 0.991733333333333, 1
1, 695, 2, 0, 0, 1, 0.851466666666667, 1
1, 696, 2, 0, 0, 1, 0.870133333333333, 1
1, 697, 2, 0, 0, 1, 0.878, 1
1, 698, 2, 1, 0, 0, 0.996533333333333, 1
1, 699, 2, 1, 0, 0, 0.9964, 1
1, 700, 2, 1, 0, 0, 0.994266666666667, 1
1, 701, 2, 1, 0, 0, 1, 1
1, 702, 2, 1, 0, 0, 1, 1
1, 703, 2, 1, 0, 0, 1, 1
1, 704, 2, 1, 0, 0, 1, 1
1, 705, 2, 1, 0, 0, 1, 1
1, 706, 2, 1, 0, 0, 0.999866666666667, 1
1, 707, 2, 1, 0, 0, 1, 1
1, 708, 2, 1, 0, 0, 1, 1
1, 709, 2, 1, 0, 0, 1, 1
1, 710, 2, 1, 0, 0, 1, 1
1, 711, 2, 1, 0, 0, 0.999333333333333, 1
1, 712, 2, 1, 0, 0, 1, 1
1, 713, 2, 1, 0, 0, 1, 1
1, 714, 2, 1, 0, 0, 1, 1
1, 715, 2, 1, 0, 0, 1, 1
1, 716, 2, 1, 0, 0, 1, 1
1, 717, 2, 1, 0, 0, 1, 1
1, 718, 2, 1, 0, 0, 1, 1
1, 719, 2, 1, 0, 0, 1, 1
1, 720, 2, 1, 0, 0, 1, 1
1, 721, 2, 1, 0, 0, 1, 1
1, 722, 2, 1, 0, 0, 1, 1
1, 723, 2, 1, 0, 0, 1, 1
1, 724, 2, 1, 0, 0, 1, 1
1, 725, 2, 1, 0, 0, 1, 1
1, 726, 2, 1, 0, 0, 1, 1
1, 727, 2, 1, 0, 0, 1, 1
1, 728, 2, 1, 0, 0, 1, 1
1, 729, 2, 1, 0, 0, 1, 1
1, 730, 2, 1, 0, 0, 1, 1
1, 731, 2, 1, 0, 0, 1, 1
1, 732, 2, 1, 0, 0, 1, 1
1, 733, 2, 1, 0, 0, 1, 1
1, 734, 2, 1, 0, 0, 1, 1
1, 735, 2, 1, 0, 0, 1, 1
1, 736, 2, 1, 0, 0, 1, 1
1, 737, 2, 1, 0, 0, 1, 1
1, 738, 2, 1, 0, 0, 1, 1
1, 739, 2, 1, 0, 0, 1, 1
1, 740, 2, 1, 0, 0, 1, 1
1, 741, 2, 1, 0, 0, 1, 1
1, 742, 2, 1, 0, 0, 1, 1
1, 743, 2, 1, 0, 0, 1, 1
1, 744, 2, 1, 0, 0, 1, 1
1, 745, 2, 1, 0, 0, 1, 1
1, 746, 2, 1, 0, 0, 1, 1
1, 747, 2, 1, 0, 0, 1, 1
1, 748, 2, 1, 0, 0, 1, 1
1, 749, 2, 1, 0, 0, 1, 1
1, 750, 2, 1, 0, 0, 1, 1
1, 751, 2, 1, 0, 0, 1, 1
1, 752, 2, 1, 0, 0, 1, 1
1, 753, 2, 1, 0, 0, 1, 1
1, 754, 2, 1, 0, 0, 1, 1
1, 755, 2, 1, 0, 0, 0.999733333333333, 1
1, 756, 2, 1, 0, 0, 1, 1
1, 757, 2, 1, 0, 0, 1, 1
1, 758, 2, 1, 0, 0, 1, 1
1, 759, 2, 1, 0, 0, 1, 1
1, 760, 2, 1, 0, 0, 1, 1
1, 761, 2, 1, 0, 0, 1, 1
1, 762, 2, 1, 0, 0, 1, 1
1, 763, 2, 1, 0, 0, 1, 1
1, 764, 2, 1, 0, 0, 1, 1
1, 765, 2, 1, 0, 0, 1, 1
1, 766, 2, 1, 0, 0, 1, 1
1, 767, 2, 1, 0, 0, 1, 1
1, 768, 2, 1, 0, 0, 1, 1
1, 769, 2, 1, 0, 0, 1, 1
1, 770, 2, 1, 0, 0, 1, 1
1, 771, 2, 1, 0, 0, 1, 1
1, 772, 2, 1, 0, 0, 1, 1
1, 773, 2, 1, 0, 0, 1, 1
1, 774, 2, 1, 0, 0, 1, 1
1, 775, 2, 1, 0, 0, 1, 1
1, 776, 2, 1, 0, 0, 1, 1
1, 777, 2, 1, 0, 0, 1, 1
1, 778, 2, 1, 0, 0, 1, 1
1, 779, 2, 1, 0, 0, 1, 1
1, 780, 2, 1, 0, 0, 1, 1
1, 781, 2, 1, 0, 0, 1, 1
1, 782, 2, 1, 0, 0, 1, 1
1, 783, 2, 1, 0, 0, 1, 1
1, 784, 2, 1, 0, 0, 1, 1
1, 785, 2, 1, 0, 0, 1, 1
1, 786, 2, 1, 0, 0, 1, 1
1, 787, 2, 1, 0, 0, 1, 1
1, 788, 2, 1, 0, 0, 1, 1
1, 789, 2, 1, 0, 0, 1, 1
1, 790, 2, 1, 0, 0, 1, 1
1, 791, 2, 1, 0, 0, 1, 1
1, 792, 2, 1, 0, 0, 1, 1
1, 793, 2, 1, 0, 0, 1, 1
1, 794, 2, 1, 0, 0, 1, 1
1, 795, 2, 1, 0, 0, 1, 1
1, 796, 2, 1, 0, 0, 1, 1
1, 797, 2, 1, 0, 0, 1, 1
1, 798, 2, 1, 0, 0, 0.999866666666667, 1
1, 799, 2, 1, 0, 0, 1, 1
1, 800, 2, 1, 0, 0, 1, 1
1, 801, 2, 0, 0, 1, 0.0853333333333333, 1
1, 802, 2, 0, 0, 1, 0.548266666666667, 1
1, 803, 2, 0, 0, 1, 0.4664, 1
1, 804, 2, 0, 0, 1, 0.958266666666667, 1
1, 805, 2, 0, 0, 1, 0.456933333333333, 1
1, 806, 2, 0, 0, 1, 0.364, 1
1, 807, 2, 0, 0, 1, 0.732, 1
1, 808, 2, 0, 0, 1, 0.395066666666667, 1
1, 809, 2, 0, 0, 1, 0.927466666666667, 1
1, 810, 2, 0, 0, 1, 0.195333333333333, 1
1, 811, 2, 0, 1, 0, 0.0413333333333333, 1
1, 812, 2, 0, 0, 1, 0.739333333333333, 1
1, 813, 2, 0, 0, 1, 0.214, 1
1, 814, 2, 0, 0, 1, 0.544666666666667, 1
1, 815, 2, 0, 0, 1, 0.144266666666667, 1
1, 816, 2, 0, 0, 1, 0.787733333333333, 1
1, 817, 2, 0, 0, 1, 0.624933333333333, 1
1, 818, 2, 0, 0, 1, 0.775333333333333, 1
1, 819, 2, 0, 0, 1, 0.109066666666667, 1
1, 820, 2, 0, 0, 1, 0.935866666666667, 1
1, 821, 2, 0, 0, 1, 0.652, 1
1, 822, 2, 0, 0, 1, 0.947866666666667, 1
1, 823, 2, 0, 0, 1, 0.772, 1
1, 824, 2, 0, 0, 1, 0.7396, 1
1, 825, 2, 0, 0, 1, 0.3104, 1
1, 826, 2, 0, 0, 1, 0.219733333333333, 1
1, 827, 2, 0, 0, 1, 0.238266666666667, 1
1, 828, 2, 0, 1, 0, 0.0424, 1
1, 829, 2, 0, 0, 1, 0.156533333333333, 1
1, 830, 2, 0, 0, 1, 0.1428, 1
1, 831, 2, 0, 0, 1, 0.569466666666667, 1
1, 832, 2, 0, 0, 1, 0.8116, 1
1, 833, 2, 0, 0, 1, 0.456266666666667, 1
1, 834, 2, 0, 0, 1, 0.632, 1
1, 835, 2, 0, 0, 1, 0.51, 1
1, 836, 2, 0, 0, 1, 0.154933333333333, 1
1, 837, 2, 0, 0, 1, 0.6752, 1
1, 838, 2, 0, 0, 1, 0.0561333333333333, 1
1, 839, 2, 0, 0, 1, 0.674133333333333, 1
1, 840, 2, 0, 0, 1, 0.0690666666666667, 1
1, 841, 2, 0, 1, 0, 0.0413333333333333, 1
1, 842, 2, 0, 0, 1, 0.430266666666667, 1
1, 843, 2, 0, 1, 0, 0.0188, 1
1, 844, 2, 0, 0, 1, 0.610533333333333, 1
1, 845, 2, 0, 0, 1, 0.921333333333333, 1
1, 846, 2, 0, 0, 1, 0.395733333333333, 1
1, 847, 2, 0, 0, 1, 0.441733333333333, 1
1, 848, 2, 0, 0, 1, 0.770266666666667, 1
1, 849, 2, 0, 0, 1, 0.93, 1
1, 850, 2, 0, 0, 1, 0.661733333333333, 1
1, 851, 2, 0, 0, 1, 0.576266666666667, 1
1, 852, 2, 0, 0, 1, 0.595733333333333, 1
1, 853, 2, 0, 0, 1, 0.124533333333333, 1
1, 854, 2, 0, 0, 1, 0.320666666666667, 1
1, 855, 2, 0, 0, 1, 0.176533333333333, 1
1, 856, 2, 0, 0, 1, 0.0985333333333333, 1
1, 857, 2, 0, 0, 1, 0.940666666666667, 1
1, 858, 2, 0, 0, 1, 0.224666666666667, 1
1, 859, 2, 0, 0, 1, 0.162133333333333, 1
1, 860, 2, 0, 0, 1, 0.8336, 1
1, 861, 2, 0, 0, 1, 0.923333333333333, 1
1, 862, 2, 0, 0, 1, 0.540266666666667, 1
1, 863, 2, 0, 0, 1, 0.0525333333333333, 1
1, 864, 2, 0, 0, 1, 0.639866666666667, 1
1, 865, 2, 0, 0, 1, 0.5728, 1
1, 866, 2, 0, 0, 1, 0.416666666666667, 1
1, 867, 2, 0, 0, 1, 0.546666666666667, 1
1, 868, 2, 0, 0, 1, 0.844266666666667, 1
1, 869, 2, 0, 0, 1, 0.190133333333333, 1
1, 870, 2, 0, 0, 1, 0.618533333333333, 1
1, 871, 2, 0, 0, 1, 0.1988, 1
1, 872, 2, 0, 0, 1, 0.0658666666666667, 1
1, 873, 2, 0, 0, 1, 0.1624, 1
1, 874, 2, 0, 1, 0, 4e-04, 1
1, 875, 2, 0, 0, 1, 0.174533333333333, 1
1, 876, 2, 0, 0, 1, 0.3196, 1
1, 877, 2, 0, 0, 1, 0.926133333333333, 1
1, 878, 2, 0, 0, 1, 0.167066666666667, 1
1, 879, 2, 0, 0, 1, 0.769333333333333, 1
1, 880, 2, 0, 0, 1, 0.538133333333333, 1
1, 881, 2, 0, 0, 1, 0.156666666666667, 1
1, 882, 2, 0, 0, 1, 0.640533333333333, 1
1, 883, 2, 0, 0, 1, 0.707066666666667, 1
1, 884, 2, 0, 0, 1, 0.937466666666667, 1
1, 885, 2, 0, 0, 1, 0.4248, 1
1, 886, 2, 0, 0, 1, 0.560533333333333, 1
1, 887, 2, 0, 0, 1, 0.961733333333333, 1
1, 888, 2, 0, 0, 1, 0.9472, 1
1, 889, 2, 0, 0, 1, 0.844666666666667, 1
1, 890, 2, 0, 0, 1, 0.193333333333333, 1
1, 891, 2, 0, 0, 1, 0.7712, 1
1, 892, 2, 0, 1, 0, 0.0117333333333333, 1
1, 893, 2, 0, 0, 1, 0.484133333333333, 1
1, 894, 2, 0, 0, 1, 0.233733333333333, 1
1, 895, 2, 0, 0, 1, 0.4936, 1
1, 896, 2, 0, 0, 1, 0.392533333333333, 1
1, 897, 2, 0, 1, 0, 0.0265333333333333, 1
1, 898, 2, 0, 0, 1, 0.630666666666667, 1
1, 899, 2, 0, 0, 1, 0.6704, 1
1, 900, 2, 0, 0, 1, 0.131733333333333, 1
1, 901, 2, 1, 0, 0, 0.996933333333333, 1
1, 902, 2, 1, 0, 0, 0.983466666666667, 1
1, 903, 2, 1, 0, 0, 0.985066666666667, 1
1, 904, 2, 1, 0, 0, 0.999733333333333, 1
1, 905, 2, 1, 0, 0, 0.999333333333333, 1
1, 906, 2, 1, 0, 0, 0.9992, 1
1, 907, 2, 1, 0, 0, 1, 1
1, 908, 2, 1, 0, 0, 1, 1
1, 909, 2, 1, 0, 0, 1, 1
1, 910, 2, 1, 0, 0, 1, 1
1, 911, 2, 1, 0, 0, 0.9996, 1
1, 912, 2, 1, 0, 0, 1, 1
1, 913, 2, 1, 0, 0, 1, 1
1, 914, 2, 1, 0, 0, 1, 1
1, 915, 2, 1, 0, 0, 1, 1
1, 916, 2, 1, 0, 0, 1, 1
1, 917, 2, 1, 0, 0, 0.991466666666667, 1
1, 918, 2, 1, 0, 0, 0.999733333333333, 1
1, 919, 2, 1, 0, 0, 0.999866666666667, 1
1, 920, 2, 0, 0, 1, 0.631733333333333, 1
1, 921, 2, 1, 0, 0, 0.9952, 1
1, 922, 2, 1, 0, 0, 0.9956, 1
1, 923, 2, 1, 0, 0, 0.997066666666667, 1
1, 924, 2, 1, 0, 0, 1, 1
1, 925, 2, 1, 0, 0, 1, 1
1, 926, 2, 1, 0, 0, 0.999733333333333, 1
1, 927, 2, 1, 0, 0, 1, 1
1, 928, 2, 1, 0, 0, 0.997333333333333, 1
1, 929, 2, 1, 0, 0, 1, 1
1, 930, 2, 1, 0, 0, 0.996666666666667, 1
1, 931, 2, 1, 0, 0, 1, 1
1, 932, 2, 1, 0, 0, 0.999466666666667, 1
1, 933, 2, 1, 0, 0, 1, 1
1, 934, 2, 1, 0, 0, 1, 1
1, 935, 2, 1, 0, 0, 0.999866666666667, 1
1, 936, 2, 1, 0, 0, 0.999333333333333, 1
1, 937, 2, 1, 0, 0, 1, 1
1, 938, 2, 1, 0, 0, 0.992666666666667, 1
1, 939, 2, 1, 0, 0, 1, 1
1, 940, 2, 1, 0, 0, 0.9928, 1
1, 941, 2, 1, 0, 0, 0.984266666666667, 1
1, 942, 2, 1, 0, 0, 1, 1
1, 943, 2, 1, 0, 0, 0.999466666666667, 1
1, 944, 2, 1, 0, 0, 0.999466666666667, 1
1, 945, 2, 1, 0, 0, 0.991333333333333, 1
1, 946, 2, 1, 0, 0, 0.9968, 1
1, 947, 2, 1, 0, 0, 1, 1
1, 948, 2, 1, 0, 0, 0.995333333333333, 1
1, 949, 2, 1, 0, 0, 1, 1
1, 950, 2, 1, 0, 0, 1, 1
1, 951, 2, 1, 0, 0, 0.998133333333333, 1
1, 952, 2, 1, 0, 0, 0.999733333333333, 1
1, 953, 2, 1, 0, 0, 1, 1
1, 954, 2, 0, 0, 1, 0.9416, 1
1, 955, 2, 1, 0, 0, 1, 1
1, 956, 2, 1, 0, 0, 1, 1
1, 957, 2, 1, 0, 0, 0.9996, 1
1, 958, 2, 1, 0, 0, 0.999733333333333, 1
1, 959, 2, 1, 0, 0, 0.999333333333333, 1
1, 960, 2, 1, 0, 0, 1, 1
1, 961, 2, 1, 0, 0, 0.9992, 1
1, 962, 2, 1, 0, 0, 0.9776, 1
1, 963, 2, 1, 0, 0, 1, 1
1, 964, 2, 1, 0, 0, 0.999333333333333, 1
1, 965, 2, 1, 0, 0, 1, 1
1, 966, 2, 1, 0, 0, 0.999333333333333, 1
1, 967, 2, 1, 0, 0, 1, 1
1, 968, 2, 1, 0, 0, 0.999733333333333, 1
1, 969, 2, 1, 0, 0, 0.9968, 1
1, 970, 2, 1, 0, 0, 0.9992, 1
1, 971, 2, 1, 0, 0, 0.999866666666667, 1
1, 972, 2, 1, 0, 0, 0.999066666666667, 1
1, 973, 2, 1, 0, 0, 0.998266666666667, 1
1, 974, 2, 1, 0, 0, 0.999866666666667, 1
1, 975, 2, 1, 0, 0, 0.997466666666667, 1
1, 976, 2, 1, 0, 0, 0.988666666666667, 1
1, 977, 2, 1, 0, 0, 0.9996, 1
1, 978, 2, 1, 0, 0, 1, 1
1, 979, 2, 1, 0, 0, 0.9988, 1
1, 980, 2, 0, 0, 1, 0.965866666666667, 1
1, 981, 2, 1, 0, 0, 1, 1
1, 982, 2, 1, 0, 0, 0.999333333333333, 1
1, 983, 2, 1, 0, 0, 1, 1
1, 984, 2, 1, 0, 0, 0.9996, 1
1, 985, 2, 1, 0, 0, 1, 1
1, 986, 2, 1, 0, 0, 0.998533333333333, 1
1, 987, 2, 1, 0, 0, 1, 1
1, 988, 2, 1, 0, 0, 0.9984, 1
1, 989, 2, 1, 0, 0, 0.998933333333333, 1
1, 990, 2, 1, 0, 0, 0.996933333333333, 1
1, 991, 2, 1, 0, 0, 0.999466666666667, 1
1, 992, 2, 1, 0, 0, 1, 1
1, 993, 2, 1, 0, 0, 0.994533333333333, 1
1, 994, 2, 1, 0, 0, 0.999733333333333, 1
1, 995, 2, 1, 0, 0, 0.999466666666667, 1
1, 996, 2, 1, 0, 0, 1, 1
1, 997, 2, 1, 0, 0, 0.996933333333333, 1
1, 998, 2, 1, 0, 0, 1, 1
1, 999, 2, 1, 0, 0, 0.999866666666667, 1
1, 1000, 2, 1, 0, 0, 1, 1
1, 1001, 2, 0, 0, 1, 0.971866666666667, 1
1, 1002, 2, 0, 0, 1, 0.1956, 1
1, 1003, 2, 0, 0, 1, 0.4284, 1
1, 1004, 2, 0, 0, 1, 0.558533333333333, 1
1, 1005, 2, 0, 0, 1, 0.275066666666667, 1
1, 1006, 2, 0, 0, 1, 0.532133333333333, 1
1, 1007, 2, 0, 0, 1, 0.1676, 1
1, 1008, 2, 0, 0, 1, 0.771333333333333, 1
1, 1009, 2, 0, 0, 1, 0.773066666666667, 1
1, 1010, 2, 0, 0, 1, 0.426666666666667, 1
1, 1011, 2, 0, 0, 1, 0.162, 1
1, 1012, 2, 0, 0, 1, 0.328666666666667, 1
1, 1013, 2, 0, 0, 1, 0.955866666666667, 1
1, 1014, 2, 0, 0, 1, 0.280666666666667, 1
1, 1015, 2, 0, 0, 1, 0.532266666666667, 1
1, 1016, 2, 0, 0, 1, 0.33, 1
1, 1017, 2, 0, 0, 1, 0.847466666666667, 1
1, 1018, 2, 0, 1, 0, 0.000133333333333333, 1
1, 1019, 2, 0, 0, 1, 0.4568, 1
1, 1020, 2, 0, 0, 1, 0.841333333333333, 1
1, 1021, 2, 0, 0, 1, 0.940133333333333, 1
1, 1022, 2, 0, 0, 1, 0.706933333333333, 1
1, 1023, 2, 0, 0, 1, 0.749066666666667, 1
1, 1024, 2, 0, 0, 1, 0.637866666666667, 1
1, 1025, 2, 0, 0, 1, 0.1056, 1
1, 1026, 2, 0, 0, 1, 0.275466666666667, 1
1, 1027, 2, 0, 0, 1, 0.877333333333333, 1
1, 1028, 2, 0, 0, 1, 0.620933333333333, 1
1, 1029, 2, 0, 0, 1, 0.704666666666667, 1
1, 1030, 2, 0, 0, 1, 0.8524, 1
1, 1031, 2, 0, 0, 1, 0.302666666666667, 1
1, 1032, 2, 0, 0, 1, 0.598533333333333, 1
1, 1033, 2, 0, 0, 1, 0.6048, 1
1, 1034, 2, 0, 0, 1, 0.111333333333333, 1
1, 1035, 2, 1, 0, 0, 0.9988, 1
1, 1036, 2, 0, 0, 1, 0.0797333333333333, 1
1, 1037, 2, 0, 0, 1, 0.3216, 1
1, 1038, 2, 1, 0, 0, 0.9964, 1
1, 1039, 2, 0, 0, 1, 0.170133333333333, 1
1, 1040, 2, 0, 0, 1, 0.454533333333333, 1
1, 1041, 2, 0, 0, 1, 0.1368, 1
1, 1042, 2, 0, 0, 1, 0.2416, 1
1, 1043, 2, 0, 0, 1, 0.906533333333333, 1
1, 1044, 2, 0, 1, 0, 0.0117333333333333, 1
1, 1045, 2, 0, 0, 1, 0.478666666666667, 1
1, 1046, 2, 0, 0, 1, 0.6584, 1
1, 1047, 2, 0, 0, 1, 0.680933333333333, 1
1, 1048, 2, 0, 0, 1, 0.412, 1
1, 1049, 2, 0, 0, 1, 0.452666666666667, 1
1, 1050, 2, 0, 0, 1, 0.7048, 1
1, 1051, 2, 0, 0, 1, 0.2084, 1
1, 1052, 2, 0, 0, 1, 0.0822666666666667, 1
1, 1053, 2, 0, 0, 1, 0.127733333333333, 1
1, 1054, 2, 0, 0, 1, 0.229866666666667, 1
1, 1055, 2, 0, 0, 1, 0.9384, 1
1, 1056, 2, 0, 0, 1, 0.321333333333333, 1
1, 1057, 2, 0, 0, 1, 0.786533333333333, 1
1, 1058, 2, 0, 0, 1, 0.4172, 1
1, 1059, 2, 0, 0, 1, 0.524933333333333, 1
1, 1060, 2, 0, 0, 1, 0.4752, 1
1, 1061, 2, 0, 0, 1, 0.884, 1
1, 1062, 2, 0, 0, 1, 0.789333333333333, 1
1, 1063, 2, 0, 0, 1, 0.1308, 1
1, 1064, 2, 0, 0, 1, 0.588, 1
1, 1065, 2, 0, 0, 1, 0.4244, 1
1, 1066, 2, 0, 0, 1, 0.529866666666667, 1
1, 1067, 2, 0, 0, 1, 0.0888, 1
1, 1068, 2, 0, 0, 1, 0.598133333333333, 1
1, 1069, 2, 0, 0, 1, 0.132, 1
1, 1070, 2, 0, 0, 1, 0.652533333333333, 1
1, 1071, 2, 0, 0, 1, 0.9164, 1
1, 1072, 2, 0, 0, 1, 0.8928, 1
1, 1073, 2, 0, 0, 1, 0.823866666666667, 1
1, 1074, 2, 0, 0, 1, 0.9352, 1
1, 1075, 2, 0, 0, 1, 0.326533333333333, 1
1, 1076, 2, 0, 0, 1, 0.2944, 1
1, 1077, 2, 0, 0, 1, 0.832133333333333, 1
1, 1078, 2, 0, 0, 1, 0.2076, 1
1, 1079, 2, 0, 0, 1, 0.173066666666667, 1
1, 1080, 2, 0, 0, 1, 0.290533333333333, 1
1, 1081, 2, 0, 0, 1, 0.229866666666667, 1
1, 1082, 2, 0, 0, 1, 0.742, 1
1, 1083, 2, 0, 0, 1, 0.768133333333333, 1
1, 1084, 2, 0, 0, 1, 0.9712, 1
1, 1085, 2, 0, 0, 1, 0.389333333333333, 1
1, 1086, 2, 0, 0, 1, 0.830666666666667, 1
1, 1087, 2, 0, 0, 1, 0.525866666666667, 1
1, 1088, 2, 0, 1, 0, 0.0441333333333333, 1
1, 1089, 2, 0, 0, 1, 0.491066666666667, 1
1, 1090, 2, 0, 0, 1, 0.0833333333333333, 1
1, 1091, 2, 0, 0, 1, 0.3668, 1
1, 1092, 2, 0, 0, 1, 0.219066666666667, 1
1, 1093, 2, 0, 0, 1, 0.732533333333333, 1
1, 1094, 2, 0, 0, 1, 0.6652, 1
1, 1095, 2, 0, 0, 1, 0.215066666666667, 1
1, 1096, 2, 0, 0, 1, 0.6296, 1
1, 1097, 2, 0, 0, 1, 0.432133333333333, 1
1, 1098, 2, 0, 0, 1, 0.244133333333333, 1
1, 1099, 2, 0, 0, 1, 0.682533333333333, 1
1, 1100, 2, 0, 0, 1, 0.237066666666667, 1
1, 1101, 2, 1, 0, 0, 1, 1
1, 1102, 2, 1, 0, 0, 0.9984, 1
1, 1103, 2, 1, 0, 0, 0.9896, 1
1, 1104, 2, 1, 0, 0, 1, 1
1, 1105, 2, 1, 0, 0, 0.999866666666667, 1
1, 1106, 2, 1, 0, 0, 1, 1
1, 1107, 2, 1, 0, 0, 0.996133333333333, 1
1, 1108, 2, 1, 0, 0, 0.999866666666667, 1
1, 1109, 2, 1, 0, 0, 0.999866666666667, 1
1, 1110, 2, 1, 0, 0, 0.999066666666667, 1
1, 1111, 2, 1, 0, 0, 1, 1
1, 1112, 2, 0, 0, 1, 0.966133333333333, 1
1, 1113, 2, 1, 0, 0, 0.999866666666667, 1
1, 1114, 2, 1, 0, 0, 0.999866666666667, 1
1, 1115, 2, 1, 0, 0, 0.999866666666667, 1
1, 1116, 2, 1, 0, 0, 0.995066666666667, 1
1, 1117, 2, 1, 0, 0, 0.9996, 1
1, 1118, 2, 1, 0, 0, 0.999866666666667, 1
1, 1119, 2, 1, 0, 0, 1, 1
1, 1120, 2, 1, 0, 0, 1, 1
1, 1121, 2, 1, 0, 0, 0.9996, 1
1, 1122, 2, 1, 0, 0, 1, 1
1, 1123, 2, 1, 0, 0, 0.9992, 1
1, 1124, 2, 1, 0, 0, 0.998533333333333, 1
1, 1125, 2, 1, 0, 0, 1, 1
1, 1126, 2, 1, 0, 0, 1, 1
1, 1127, 2, 1, 0, 0, 1, 1
1, 1128, 2, 1, 0, 0, 0.999866666666667, 1
1, 1129, 2, 1, 0, 0, 1, 1
1, 1130, 2, 1, 0, 0, 0.999866666666667, 1
1, 1131, 2, 1, 0, 0, 1, 1
1, 1132, 2, 1, 0, 0, 1, 1
1, 1133, 2, 0, 0, 1, 0.9184, 1
1, 1134, 2, 1, 0, 0, 0.991733333333333, 1
1, 1135, 2, 1, 0, 0, 1, 1
1, 1136, 2, 1, 0, 0, 0.987466666666667, 1
1, 1137, 2, 1, 0, 0, 0.999866666666667, 1
1, 1138, 2, 1, 0, 0, 0.995333333333333, 1
1, 1139, 2, 1, 0, 0, 1, 1
1, 1140, 2, 1, 0, 0, 1, 1
1, 1141, 2, 1, 0, 0, 0.999733333333333, 1
1, 1142, 2, 1, 0, 0, 1, 1
1, 1143, 2, 1, 0, 0, 0.997066666666667, 1
1, 1144, 2, 1, 0, 0, 0.998266666666667, 1
1, 1145, 2, 1, 0, 0, 0.999733333333333, 1
1, 1146, 2, 1, 0, 0, 0.980666666666667, 1
1, 1147, 2, 1, 0, 0, 0.9996, 1
1, 1148, 2, 1, 0, 0, 1, 1
1, 1149, 2, 1, 0, 0, 0.9996, 1
1, 1150, 2, 1, 0, 0, 1, 1
1, 1151, 2, 1, 0, 0, 1, 1
1, 1152, 2, 1, 0, 0, 1, 1
1, 1153, 2, 1, 0, 0, 0.999733333333333, 1
1, 1154, 2, 0, 0, 1, 0.846266666666667, 1
1, 1155, 2, 1, 0, 0, 1, 1
1, 1156, 2, 1, 0, 0, 1, 1
1, 1157, 2, 1, 0, 0, 0.9948, 1
1, 1158, 2, 1, 0, 0, 0.994666666666667, 1
1, 1159, 2, 1, 0, 0, 1, 1
1, 1160, 2, 1, 0, 0, 0.982933333333333, 1
1, 1161, 2, 0, 0, 1, 0.750266666666667, 1
1, 1162, 2, 1, 0, 0, 1, 1
1, 1163, 2, 1, 0, 0, 1, 1
1, 1164, 2, 1, 0, 0, 0.999866666666667, 1
1, 1165, 2, 1, 0, 0, 1, 1
1, 1166, 2, 1, 0, 0, 1, 1
1, 1167, 2, 1, 0, 0, 0.9804, 1
1, 1168, 2, 1, 0, 0, 0.999866666666667, 1
1, 1169, 2, 1, 0, 0, 1, 1
1, 1170, 2, 1, 0, 0, 0.9944, 1
1, 1171, 2, 1, 0, 0, 0.9852, 1
1, 1172, 2, 1, 0, 0, 1, 1
1, 1173, 2, 1, 0, 0, 0.997733333333333, 1
1, 1174, 2, 1, 0, 0, 0.999466666666667, 1
1, 1175, 2, 1, 0, 0, 0.999733333333333, 1
1, 1176, 2, 1, 0, 0, 1, 1
1, 1177, 2, 0, 0, 1, 0.888533333333333, 1
1, 1178, 2, 1, 0, 0, 0.999466666666667, 1
1, 1179, 2, 1, 0, 0, 1, 1
1, 1180, 2, 1, 0, 0, 0.999866666666667, 1
1, 1181, 2, 1, 0, 0, 1, 1
1, 1182, 2, 1, 0, 0, 0.998, 1
1, 1183, 2, 1, 0, 0, 0.999866666666667, 1
1, 1184, 2, 1, 0, 0, 0.999866666666667, 1
1, 1185, 2, 1, 0, 0, 1, 1
1, 1186, 2, 1, 0, 0, 0.999466666666667, 1
1, 1187, 2, 1, 0, 0, 1, 1
1, 1188, 2, 1, 0, 0, 1, 1
1, 1189, 2, 1, 0, 0, 1, 1
1, 1190, 2, 1, 0, 0, 0.9924, 1
1, 1191, 2, 1, 0, 0, 0.999866666666667, 1
1, 1192, 2, 1, 0, 0, 0.999866666666667, 1
1, 1193, 2, 1, 0, 0, 0.996533333333333, 1
1, 1194, 2, 1, 0, 0, 0.998533333333333, 1
1, 1195, 2, 1, 0, 0, 0.999333333333333, 1
1, 1196, 2, 1, 0, 0, 0.9996, 1
1, 1197, 2, 1, 0, 0, 0.999733333333333, 1
1, 1198, 2, 1, 0, 0, 0.999466666666667, 1
1, 1199, 2, 1, 0, 0, 0.995466666666667, 1
1, 1200, 2, 1, 0, 0, 0.9948, 1
1, 1201, 2, 1, 0, 0, 0.9864, 1
1, 1202, 2, 0, 0, 1, 0.591866666666667, 1
1, 1203, 2, 0, 0, 1, 0.376266666666667, 1
1, 1204, 2, 0, 0, 1, 0.601066666666667, 1
1, 1205, 2, 0, 0, 1, 0.7736, 1
1, 1206, 2, 1, 0, 0, 0.975866666666667, 1
1, 1207, 2, 0, 0, 1, 0.324, 1
1, 1208, 2, 0, 0, 1, 0.7632, 1
1, 1209, 2, 0, 0, 1, 0.500666666666667, 1
1, 1210, 2, 0, 0, 1, 0.570666666666667, 1
1, 1211, 2, 0, 0, 1, 0.152533333333333, 1
1, 1212, 2, 0, 0, 1, 0.669066666666667, 1
1, 1213, 2, 0, 1, 0, 0.0336, 1
1, 1214, 2, 0, 0, 1, 0.0649333333333333, 1
1, 1215, 2, 0, 0, 1, 0.792666666666667, 1
1, 1216, 2, 0, 0, 1, 0.0732, 1
1, 1217, 2, 0, 1, 0, 0.00706666666666667, 1
1, 1218, 2, 0, 0, 1, 0.2044, 1
1, 1219, 2, 0, 0, 1, 0.5768, 1
1, 1220, 2, 0, 0, 1, 0.385733333333333, 1
1, 1221, 2, 0, 0, 1, 0.0836, 1
1, 1222, 2, 0, 0, 1, 0.3264, 1
1, 1223, 2, 0, 0, 1, 0.916533333333333, 1
1, 1224, 2, 0, 0, 1, 0.636533333333333, 1
1, 1225, 2, 0, 1, 0, 0.0417333333333333, 1
1, 1226, 2, 0, 0, 1, 0.5584, 1
1, 1227, 2, 0, 0, 1, 0.504, 1
1, 1228, 2, 0, 0, 1, 0.830933333333333, 1
1, 1229, 2, 0, 0, 1, 0.889333333333333, 1
1, 1230, 2, 0, 0, 1, 0.456666666666667, 1
1, 1231, 2, 0, 0, 1, 0.172533333333333, 1
1, 1232, 2, 0, 0, 1, 0.756533333333333, 1
1, 1233, 2, 0, 0, 1, 0.382133333333333, 1
1, 1234, 2, 0, 1, 0, 0.01, 1
1, 1235, 2, 0, 0, 1, 0.644266666666667, 1
1, 1236, 2, 0, 0, 1, 0.969866666666667, 1
1, 1237, 2, 0, 0, 1, 0.452, 1
1, 1238, 2, 0, 0, 1, 0.256533333333333, 1
1, 1239, 2, 0, 0, 1, 0.435733333333333, 1
1, 1240, 2, 0, 0, 1, 0.3616, 1
1, 1241, 2, 0, 0, 1, 0.249866666666667, 1
1, 1242, 2, 0, 1, 0, 0.0184, 1
1, 1243, 2, 0, 0, 1, 0.721733333333333, 1
1, 1244, 2, 0, 0, 1, 0.756, 1
1, 1245, 2, 0, 0, 1, 0.0644, 1
1, 1246, 2, 0, 0, 1, 0.761066666666667, 1
1, 1247, 2, 0, 0, 1, 0.239733333333333, 1
1, 1248, 2, 0, 0, 1, 0.771866666666667, 1
1, 1249, 2, 1, 0, 0, 0.994666666666667, 1
1, 1250, 2, 0, 0, 1, 0.647466666666667, 1
1, 1251, 2, 0, 1, 0, 0.0346666666666667, 1
1, 1252, 2, 0, 0, 1, 0.5232, 1
1, 1253, 2, 0, 0, 1, 0.7752, 1
1, 1254, 2, 0, 0, 1, 0.383066666666667, 1
1, 1255, 2, 0, 0, 1, 0.9356, 1
1, 1256, 2, 0, 1, 0, 0.0274666666666667, 1
1, 1257, 2, 0, 0, 1, 0.781333333333333, 1
1, 1258, 2, 0, 0, 1, 0.0817333333333333, 1
1, 1259, 2, 0, 0, 1, 0.731866666666667, 1
1, 1260, 2, 0, 0, 1, 0.8264, 1
1, 1261, 2, 0, 1, 0, 0.03, 1
1, 1262, 2, 0, 0, 1, 0.495066666666667, 1
1, 1263, 2, 0, 0, 1, 0.620133333333333, 1
1, 1264, 2, 0, 0, 1, 0.559066666666667, 1
1, 1265, 2, 0, 0, 1, 0.9556, 1
1, 1266, 2, 0, 0, 1, 0.835333333333333, 1
1, 1267, 2, 0, 0, 1, 0.780933333333333, 1
1, 1268, 2, 0, 0, 1, 0.318266666666667, 1
1, 1269, 2, 0, 0, 1, 0.568666666666667, 1
1, 1270, 2, 0, 0, 1, 0.942533333333333, 1
1, 1271, 2, 0, 0, 1, 0.625066666666667, 1
1, 1272, 2, 0, 0, 1, 0.938266666666667, 1
1, 1273, 2, 0, 0, 1, 0.9404, 1
1, 1274, 2, 0, 0, 1, 0.831733333333333, 1
1, 1275, 2, 0, 0, 1, 0.319333333333333, 1
1, 1276, 2, 0, 0, 1, 0.105333333333333, 1
1, 1277, 2, 0, 0, 1, 0.909866666666667, 1
1, 1278, 2, 0, 0, 1, 0.350266666666667, 1
1, 1279, 2, 0, 0, 1, 0.541866666666667, 1
1, 1280, 2, 0, 0, 1, 0.310266666666667, 1
1, 1281, 2, 0, 0, 1, 0.7456, 1
1, 1282, 2, 0, 0, 1, 0.939333333333333, 1
1, 1283, 2, 0, 0, 1, 0.93, 1
1, 1284, 2, 0, 0, 1, 0.598933333333333, 1
1, 1285, 2, 0, 0, 1, 0.282933333333333, 1
1, 1286, 2, 0, 0, 1, 0.376, 1
1, 1287, 2, 0, 0, 1, 0.964666666666667, 1
1, 1288, 2, 0, 0, 1, 0.0709333333333333, 1
1, 1289, 2, 0, 0, 1, 0.412266666666667, 1
1, 1290, 2, 0, 0, 1, 0.653466666666667, 1
1, 1291, 2, 0, 0, 1, 0.934533333333333, 1
1, 1292, 2, 0, 0, 1, 0.672933333333333, 1
1, 1293, 2, 0, 1, 0, 0.0462666666666667, 1
1, 1294, 2, 0, 0, 1, 0.706533333333333, 1
1, 1295, 2, 0, 0, 1, 0.4032, 1
1, 1296, 2, 0, 0, 1, 0.636666666666667, 1
1, 1297, 2, 0, 0, 1, 0.934133333333333, 1
1, 1298, 2, 0, 0, 1, 0.968666666666667, 1
1, 1299, 2, 0, 0, 1, 0.779866666666667, 1
1, 1300, 2, 0, 0, 1, 0.187733333333333, 1
1, 1301, 2, 1, 0, 0, 0.997333333333333, 1
1, 1302, 2, 1, 0, 0, 0.991333333333333, 1
1, 1303, 2, 1, 0, 0, 1, 1
1, 1304, 2, 1, 0, 0, 1, 1
1, 1305, 2, 1, 0, 0, 0.999333333333333, 1
1, 1306, 2, 1, 0, 0, 0.998933333333333, 1
1, 1307, 2, 1, 0, 0, 0.999733333333333, 1
1, 1308, 2, 1, 0, 0, 0.9996, 1
1, 1309, 2, 1, 0, 0, 1, 1
1, 1310, 2, 1, 0, 0, 0.9976, 1
1, 1311, 2, 1, 0, 0, 0.998, 1
1, 1312, 2, 1, 0, 0, 0.997733333333333, 1
1, 1313, 2, 1, 0, 0, 0.998133333333333, 1
1, 1314, 2, 1, 0, 0, 1, 1
1, 1315, 2, 1, 0, 0, 0.9996, 1
1, 1316, 2, 1, 0, 0, 0.9984, 1
1, 1317, 2, 1, 0, 0, 1, 1
1, 1318, 2, 1, 0, 0, 0.996933333333333, 1
1, 1319, 2, 1, 0, 0, 0.999866666666667, 1
1, 1320, 2, 1, 0, 0, 0.996533333333333, 1
1, 1321, 2, 1, 0, 0, 0.998666666666667, 1
1, 1322, 2, 1, 0, 0, 0.9944, 1
1, 1323, 2, 1, 0, 0, 0.998266666666667, 1
1, 1324, 2, 1, 0, 0, 0.994266666666667, 1
1, 1325, 2, 1, 0, 0, 0.998933333333333, 1
1, 1326, 2, 1, 0, 0, 0.999866666666667, 1
1, 1327, 2, 1, 0, 0, 1, 1
1, 1328, 2, 1, 0, 0, 0.997733333333333, 1
1, 1329, 2, 1, 0, 0, 0.999866666666667, 1
1, 1330, 2, 1, 0, 0, 1, 1
1, 1331, 2, 1, 0, 0, 0.996666666666667, 1
1, 1332, 2, 1, 0, 0, 0.9996, 1
1, 1333, 2, 1, 0, 0, 1, 1
1, 1334, 2, 1, 0, 0, 0.9968, 1
1, 1335, 2, 1, 0, 0, 0.999066666666667, 1
1, 1336, 2, 1, 0, 0, 0.995866666666667, 1
1, 1337, 2, 1, 0, 0, 0.996933333333333, 1
1, 1338, 2, 1, 0, 0, 0.996, 1
1, 1339, 2, 1, 0, 0, 0.999866666666667, 1
1, 1340, 2, 1, 0, 0, 0.998666666666667, 1
1, 1341, 2, 1, 0, 0, 1, 1
1, 1342, 2, 1, 0, 0, 1, 1
1, 1343, 2, 1, 0, 0, 0.996933333333333, 1
1, 1344, 2, 1, 0, 0, 0.9968, 1
1, 1345, 2, 1, 0, 0, 1, 1
1, 1346, 2, 1, 0, 0, 0.9968, 1
1, 1347, 2, 1, 0, 0, 0.998533333333333, 1
1, 1348, 2, 1, 0, 0, 0.992133333333333, 1
1, 1349, 2, 1, 0, 0, 1, 1
1, 1350, 2, 1, 0, 0, 0.999733333333333, 1
1, 1351, 2, 1, 0, 0, 0.998533333333333, 1
1, 1352, 2, 1, 0, 0, 0.999866666666667, 1
1, 1353, 2, 1, 0, 0, 0.9992, 1
1, 1354, 2, 1, 0, 0, 1, 1
1, 1355, 2, 1, 0, 0, 1, 1
1, 1356, 2, 1, 0, 0, 0.998, 1
1, 1357, 2, 1, 0, 0, 0.999333333333333, 1
1, 1358, 2, 1, 0, 0, 1, 1
1, 1359, 2, 1, 0, 0, 0.9996, 1
1, 1360, 2, 1, 0, 0, 0.9984, 1
1, 1361, 2, 1, 0, 0, 1, 1
1, 1362, 2, 1, 0, 0, 0.9824, 1
1, 1363, 2, 1, 0, 0, 0.992133333333333, 1
1, 1364, 2, 1, 0, 0, 0.999466666666667, 1
1, 1365, 2, 1, 0, 0, 0.995733333333333, 1
1, 1366, 2, 1, 0, 0, 0.997466666666667, 1
1, 1367, 2, 1, 0, 0, 1, 1
1, 1368, 2, 1, 0, 0, 1, 1
1, 1369, 2, 1, 0, 0, 0.9952, 1
1, 1370, 2, 1, 0, 0, 0.999866666666667, 1
1, 1371, 2, 1, 0, 0, 0.9996, 1
1, 1372, 2, 1, 0, 0, 0.9924, 1
1, 1373, 2, 1, 0, 0, 0.9884, 1
1, 1374, 2, 1, 0, 0, 1, 1
1, 1375, 2, 1, 0, 0, 0.9916, 1
1, 1376, 2, 1, 0, 0, 0.986533333333333, 1
1, 1377, 2, 1, 0, 0, 0.981733333333333, 1
1, 1378, 2, 1, 0, 0, 0.999866666666667, 1
1, 1379, 2, 1, 0, 0, 1, 1
1, 1380, 2, 1, 0, 0, 1, 1
1, 1381, 2, 1, 0, 0, 1, 1
1, 1382, 2, 1, 0, 0, 0.9976, 1
1, 1383, 2, 1, 0, 0, 1, 1
1, 1384, 2, 1, 0, 0, 0.9992, 1
1, 1385, 2, 1, 0, 0, 0.998933333333333, 1
1, 1386, 2, 1, 0, 0, 0.9996, 1
1, 1387, 2, 1, 0, 0, 0.999333333333333, 1
1, 1388, 2, 1, 0, 0, 0.992133333333333, 1
1, 1389, 2, 1, 0, 0, 0.998266666666667, 1
1, 1390, 2, 1, 0, 0, 0.995466666666667, 1
1, 1391, 2, 1, 0, 0, 0.994133333333333, 1
1, 1392, 2, 1, 0, 0, 0.9988, 1
1, 1393, 2, 1, 0, 0, 0.995733333333333, 1
1, 1394, 2, 1, 0, 0, 0.998666666666667, 1
1, 1395, 2, 1, 0, 0, 1, 1
1, 1396, 2, 1, 0, 0, 1, 1
1, 1397, 2, 1, 0, 0, 0.9992, 1
1, 1398, 2, 1, 0, 0, 0.9988, 1
1, 1399, 2, 1, 0, 0, 0.999866666666667, 1
1, 1400, 2, 1, 0, 0, 0.995066666666667, 1
1, 1401, 2, 1, 0, 0, 0.997466666666667, 1
1, 1402, 2, 0, 0, 1, 0.909066666666667, 1
1, 1403, 2, 0, 0, 1, 0.6368, 1
1, 1404, 2, 0, 0, 1, 0.875866666666667, 1
1, 1405, 2, 1, 0, 0, 0.993333333333333, 1
1, 1406, 2, 0, 0, 1, 0.460133333333333, 1
1, 1407, 2, 0, 0, 1, 0.6692, 1
1, 1408, 2, 0, 0, 1, 0.828933333333333, 1
1, 1409, 2, 0, 0, 1, 0.960666666666667, 1
1, 1410, 2, 0, 0, 1, 0.950133333333333, 1
1, 1411, 2, 1, 0, 0, 0.991866666666667, 1
1, 1412, 2, 1, 0, 0, 0.977066666666667, 1
1, 1413, 2, 1, 0, 0, 0.978, 1
1, 1414, 2, 0, 0, 1, 0.525866666666667, 1
1, 1415, 2, 0, 0, 1, 0.893866666666667, 1
1, 1416, 2, 0, 0, 1, 0.506, 1
1, 1417, 2, 0, 0, 1, 0.7564, 1
1, 1418, 2, 0, 0, 1, 0.960266666666667, 1
1, 1419, 2, 0, 0, 1, 0.578533333333333, 1
1, 1420, 2, 0, 0, 1, 0.943333333333333, 1
1, 1421, 2, 1, 0, 0, 0.999066666666667, 1
1, 1422, 2, 1, 0, 0, 0.998666666666667, 1
1, 1423, 2, 0, 0, 1, 0.825866666666667, 1
1, 1424, 2, 0, 0, 1, 0.824666666666667, 1
1, 1425, 2, 1, 0, 0, 0.9948, 1
1, 1426, 2, 1, 0, 0, 0.982533333333333, 1
1, 1427, 2, 0, 0, 1, 0.4436, 1
1, 1428, 2, 0, 0, 1, 0.425466666666667, 1
1, 1429, 2, 0, 0, 1, 0.8792, 1
1, 1430, 2, 0, 0, 1, 0.878666666666667, 1
1, 1431, 2, 0, 0, 1, 0.956933333333333, 1
1, 1432, 2, 0, 0, 1, 0.957733333333333, 1
1, 1433, 2, 1, 0, 0, 0.990533333333333, 1
1, 1434, 2, 1, 0, 0, 1, 1
1, 1435, 2, 0, 0, 1, 0.703733333333333, 1
1, 1436, 2, 0, 0, 1, 0.642933333333333, 1
1, 1437, 2, 1, 0, 0, 0.999066666666667, 1
1, 1438, 2, 0, 0, 1, 0.9276, 1
1, 1439, 2, 0, 0, 1, 0.575466666666667, 1
1, 1440, 2, 0, 0, 1, 0.862533333333333, 1
1, 1441, 2, 1, 0, 0, 0.9956, 1
1, 1442, 2, 0, 0, 1, 0.910933333333333, 1
1, 1443, 2, 0, 0, 1, 0.792, 1
1, 1444, 2, 1, 0, 0, 0.999333333333333, 1
1, 1445, 2, 0, 0, 1, 0.9288, 1
1, 1446, 2, 1, 0, 0, 0.995333333333333, 1
1, 1447, 2, 1, 0, 0, 0.996, 1
1, 1448, 2, 0, 0, 1, 0.950533333333333, 1
1, 1449, 2, 1, 0, 0, 0.995866666666667, 1
1, 1450, 2, 1, 0, 0, 0.9928, 1
1, 1451, 2, 1, 0, 0, 0.993466666666667, 1
1, 1452, 2, 1, 0, 0, 0.9988, 1
1, 1453, 2, 0, 0, 1, 0.7348, 1
1, 1454, 2, 0, 0, 1, 0.956266666666667, 1
1, 1455, 2, 0, 0, 1, 0.8848, 1
1, 1456, 2, 0, 0, 1, 0.840133333333333, 1
1, 1457, 2, 0, 0, 1, 0.939066666666667, 1
1, 1458, 2, 1, 0, 0, 0.995466666666667, 1
1, 1459, 2, 0, 0, 1, 0.973466666666667, 1
1, 1460, 2, 1, 0, 0, 0.9932, 1
1, 1461, 2, 0, 0, 1, 0.377866666666667, 1
1, 1462, 2, 0, 0, 1, 0.944133333333333, 1
1, 1463, 2, 1, 0, 0, 0.9932, 1
1, 1464, 2, 0, 0, 1, 0.428, 1
1, 1465, 2, 1, 0, 0, 0.998933333333333, 1
1, 1466, 2, 0, 0, 1, 0.7684, 1
1, 1467, 2, 0, 0, 1, 0.974266666666667, 1
1, 1468, 2, 1, 0, 0, 0.9992, 1
1, 1469, 2, 1, 0, 0, 0.975733333333333, 1
1, 1470, 2, 0, 0, 1, 0.672666666666667, 1
1, 1471, 2, 0, 0, 1, 0.877066666666667, 1
1, 1472, 2, 1, 0, 0, 0.980133333333333, 1
1, 1473, 2, 0, 0, 1, 0.928666666666667, 1
1, 1474, 2, 1, 0, 0, 0.992533333333333, 1
1, 1475, 2, 0, 0, 1, 0.750666666666667, 1
1, 1476, 2, 1, 0, 0, 0.989866666666667, 1
1, 1477, 2, 0, 0, 1, 0.6072, 1
1, 1478, 2, 0, 0, 1, 0.765866666666667, 1
1, 1479, 2, 0, 0, 1, 0.596933333333333, 1
1, 1480, 2, 0, 0, 1, 0.706266666666667, 1
1, 1481, 2, 0, 0, 1, 0.809733333333333, 1
1, 1482, 2, 1, 0, 0, 0.998666666666667, 1
1, 1483, 2, 1, 0, 0, 0.988133333333333, 1
1, 1484, 2, 1, 0, 0, 0.997066666666667, 1
1, 1485, 2, 0, 0, 1, 0.963066666666667, 1
1, 1486, 2, 1, 0, 0, 0.999733333333333, 1
1, 1487, 2, 1, 0, 0, 0.996666666666667, 1
1, 1488, 2, 1, 0, 0, 0.978666666666667, 1
1, 1489, 2, 1, 0, 0, 0.997333333333333, 1
1, 1490, 2, 0, 0, 1, 0.6588, 1
1, 1491, 2, 0, 0, 1, 0.933066666666667, 1
1, 1492, 2, 0, 0, 1, 0.8816, 1
1, 1493, 2, 1, 0, 0, 0.998, 1
1, 1494, 2, 1, 0, 0, 0.980933333333333, 1
1, 1495, 2, 1, 0, 0, 0.994533333333333, 1
1, 1496, 2, 0, 0, 1, 0.963466666666667, 1
1, 1497, 2, 0, 0, 1, 0.892666666666667, 1
1, 1498, 2, 0, 0, 1, 0.935466666666667, 1
1, 1499, 2, 0, 0, 1, 0.8684, 1
1, 1500, 2, 1, 0, 0, 0.9952, 1
1, 1501, 2, 1, 0, 0, 1, 1
1, 1502, 2, 1, 0, 0, 0.9992, 1
1, 1503, 2, 1, 0, 0, 0.999866666666667, 1
1, 1504, 2, 1, 0, 0, 1, 1
1, 1505, 2, 1, 0, 0, 1, 1
1, 1506, 2, 1, 0, 0, 1, 1
1, 1507, 2, 1, 0, 0, 0.999866666666667, 1
1, 1508, 2, 1, 0, 0, 1, 1
1, 1509, 2, 1, 0, 0, 1, 1
1, 1510, 2, 1, 0, 0, 1, 1
1, 1511, 2, 1, 0, 0, 0.999733333333333, 1
1, 1512, 2, 1, 0, 0, 1, 1
1, 1513, 2, 1, 0, 0, 1, 1
1, 1514, 2, 1, 0, 0, 0.9948, 1
1, 1515, 2, 1, 0, 0, 1, 1
1, 1516, 2, 1, 0, 0, 0.999866666666667, 1
1, 1517, 2, 1, 0, 0, 0.9996, 1
1, 1518, 2, 1, 0, 0, 1, 1
1, 1519, 2, 1, 0, 0, 1, 1
1, 1520, 2, 1, 0, 0, 1, 1
1, 1521, 2, 1, 0, 0, 1, 1
1, 1522, 2, 1, 0, 0, 1, 1
1, 1523, 2, 1, 0, 0, 1, 1
1, 1524, 2, 1, 0, 0, 1, 1
1, 1525, 2, 1, 0, 0, 0.994133333333333, 1
1, 1526, 2, 1, 0, 0, 1, 1
1, 1527, 2, 1, 0, 0, 1, 1
1, 1528, 2, 1, 0, 0, 1, 1
1, 1529, 2, 1, 0, 0, 1, 1
1, 1530, 2, 1, 0, 0, 1, 1
1, 1531, 2, 1, 0, 0, 1, 1
1, 1532, 2, 1, 0, 0, 0.999466666666667, 1
1, 1533, 2, 1, 0, 0, 1, 1
1, 1534, 2, 1, 0, 0, 1, 1
1, 1535, 2, 1, 0, 0, 1, 1
1, 1536, 2, 1, 0, 0, 1, 1
1, 1537, 2, 1, 0, 0, 1, 1
1, 1538, 2, 1, 0, 0, 1, 1
1, 1539, 2, 1, 0, 0, 0.9972, 1
1, 1540, 2, 1, 0, 0, 1, 1
1, 1541, 2, 1, 0, 0, 1, 1
1, 1542, 2, 1, 0, 0, 1, 1
1, 1543, 2, 1, 0, 0, 1, 1
1, 1544, 2, 1, 0, 0, 1, 1
1, 1545, 2, 1, 0, 0, 1, 1
1, 1546, 2, 1, 0, 0, 1, 1
1, 1547, 2, 1, 0, 0, 1, 1
1, 1548, 2, 1, 0, 0, 0.999866666666667, 1
1, 1549, 2, 1, 0, 0, 1, 1
1, 1550, 2, 1, 0, 0, 1, 1
1, 1551, 2, 1, 0, 0, 0.997333333333333, 1
1, 1552, 2, 1, 0, 0, 1, 1
1, 1553, 2, 1, 0, 0, 1, 1
1, 1554, 2, 1, 0, 0, 1, 1
1, 1555, 2, 1, 0, 0, 1, 1
1, 1556, 2, 1, 0, 0, 1, 1
1, 1557, 2, 1, 0, 0, 1, 1
1, 1558, 2, 1, 0, 0, 0.999733333333333, 1
1, 1559, 2, 1, 0, 0, 1, 1
1, 1560, 2, 1, 0, 0, 1, 1
1, 1561, 2, 1, 0, 0, 1, 1
1, 1562, 2, 1, 0, 0, 1, 1
1, 1563, 2, 1, 0, 0, 1, 1
1, 1564, 2, 1, 0, 0, 1, 1
1, 1565, 2, 1, 0, 0, 0.999866666666667, 1
1, 1566, 2, 1, 0, 0, 1, 1
1, 1567, 2, 1, 0, 0, 1, 1
1, 1568, 2, 1, 0, 0, 0.999466666666667, 1
1, 1569, 2, 1, 0, 0, 0.994933333333333, 1
1, 1570, 2, 1, 0, 0, 1, 1
1, 1571, 2, 1, 0, 0, 1, 1
1, 1572, 2, 1, 0, 0, 1, 1
1, 1573, 2, 1, 0, 0, 1, 1
1, 1574, 2, 1, 0, 0, 1, 1
1, 1575, 2, 1, 0, 0, 1, 1
1, 1576, 2, 1, 0, 0, 0.9992, 1
1, 1577, 2, 1, 0, 0, 0.999466666666667, 1
1, 1578, 2, 1, 0, 0, 1, 1
1, 1579, 2, 1, 0, 0, 1, 1
1, 1580, 2, 1, 0, 0, 1, 1
1, 1581, 2, 1, 0, 0, 1, 1
1, 1582, 2, 1, 0, 0, 1, 1
1, 1583, 2, 1, 0, 0, 1, 1
1, 1584, 2, 1, 0, 0, 1, 1
1, 1585, 2, 1, 0, 0, 1, 1
1, 1586, 2, 1, 0, 0, 1, 1
1, 1587, 2, 1, 0, 0, 0.999866666666667, 1
1, 1588, 2, 1, 0, 0, 1, 1
1, 1589, 2, 1, 0, 0, 1, 1
1, 1590, 2, 1, 0, 0, 1, 1
1, 1591, 2, 1, 0, 0, 0.9996, 1
1, 1592, 2, 1, 0, 0, 0.999333333333333, 1
1, 1593, 2, 1, 0, 0, 0.999866666666667, 1
1, 1594, 2, 1, 0, 0, 1, 1
1, 1595, 2, 1, 0, 0, 0.999866666666667, 1
1, 1596, 2, 1, 0, 0, 1, 1
1, 1597, 2, 1, 0, 0, 1, 1
1, 1598, 2, 1, 0, 0, 1, 1
1, 1599, 2, 1, 0, 0, 1, 1
1, 1600, 2, 1, 0, 0, 1, 1
1, 1601, 2, 0, 0, 1, 0.357466666666667, 1
1, 1602, 2, 0, 1, 0, 0.0385333333333333, 1
1, 1603, 2, 0, 0, 1, 0.96, 1
1, 1604, 2, 0, 0, 1, 0.725333333333333, 1
1, 1605, 2, 0, 0, 1, 0.519066666666667, 1
1, 1606, 2, 0, 0, 1, 0.0761333333333333, 1
1, 1607, 2, 0, 0, 1, 0.386666666666667, 1
1, 1608, 2, 0, 0, 1, 0.498933333333333, 1
1, 1609, 2, 0, 0, 1, 0.8444, 1
1, 1610, 2, 0, 0, 1, 0.7492, 1
1, 1611, 2, 0, 0, 1, 0.396533333333333, 1
1, 1612, 2, 0, 0, 1, 0.7484, 1
1, 1613, 2, 0, 0, 1, 0.780666666666667, 1
1, 1614, 2, 0, 0, 1, 0.417866666666667, 1
1, 1615, 2, 0, 0, 1, 0.491866666666667, 1
1, 1616, 2, 0, 0, 1, 0.881066666666667, 1
1, 1617, 2, 0, 0, 1, 0.3708, 1
1, 1618, 2, 0, 0, 1, 0.8036, 1
1, 1619, 2, 0, 0, 1, 0.722266666666667, 1
1, 1620, 2, 0, 0, 1, 0.396933333333333, 1
1, 1621, 2, 0, 0, 1, 0.680266666666667, 1
1, 1622, 2, 0, 0, 1, 0.131066666666667, 1
1, 1623, 2, 0, 0, 1, 0.533866666666667, 1
1, 1624, 2, 0, 0, 1, 0.544666666666667, 1
1, 1625, 2, 0, 0, 1, 0.2676, 1
1, 1626, 2, 0, 0, 1, 0.1396, 1
1, 1627, 2, 0, 0, 1, 0.614133333333333, 1
1, 1628, 2, 0, 0, 1, 0.6976, 1
1, 1629, 2, 0, 0, 1, 0.697333333333333, 1
1, 1630, 2, 0, 0, 1, 0.671333333333333, 1
1, 1631, 2, 0, 0, 1, 0.648533333333333, 1
1, 1632, 2, 0, 0, 1, 0.4892, 1
1, 1633, 2, 0, 1, 0, 0.0286666666666667, 1
1, 1634, 2, 0, 0, 1, 0.275333333333333, 1
1, 1635, 2, 0, 0, 1, 0.8416, 1
1, 1636, 2, 0, 0, 1, 0.719066666666667, 1
1, 1637, 2, 0, 0, 1, 0.516933333333333, 1
1, 1638, 2, 0, 0, 1, 0.0644, 1
1, 1639, 2, 0, 0, 1, 0.338, 1
1, 1640, 2, 0, 0, 1, 0.142266666666667, 1
1, 1641, 2, 0, 0, 1, 0.843866666666667, 1
1, 1642, 2, 0, 1, 0, 0.0128, 1
1, 1643, 2, 0, 0, 1, 0.358666666666667, 1
1, 1644, 2, 0, 0, 1, 0.5528, 1
1, 1645, 2, 0, 0, 1, 0.183466666666667, 1
1, 1646, 2, 0, 0, 1, 0.526666666666667, 1
1, 1647, 2, 0, 0, 1, 0.639733333333333, 1
1, 1648, 2, 0, 0, 1, 0.193466666666667, 1
1, 1649, 2, 0, 0, 1, 0.686133333333333, 1
1, 1650, 2, 0, 0, 1, 0.974933333333333, 1
1, 1651, 2, 0, 0, 1, 0.569066666666667, 1
1, 1652, 2, 0, 0, 1, 0.1204, 1
1, 1653, 2, 0, 0, 1, 0.940266666666667, 1
1, 1654, 2, 0, 0, 1, 0.744666666666667, 1
1, 1655, 2, 0, 0, 1, 0.475733333333333, 1
1, 1656, 2, 0, 0, 1, 0.7516, 1
1, 1657, 2, 0, 0, 1, 0.624266666666667, 1
1, 1658, 2, 0, 1, 0, 0.0488, 1
1, 1659, 2, 0, 0, 1, 0.333866666666667, 1
1, 1660, 2, 0, 0, 1, 0.704933333333333, 1
1, 1661, 2, 0, 0, 1, 0.148266666666667, 1
1, 1662, 2, 0, 0, 1, 0.0889333333333333, 1
1, 1663, 2, 1, 0, 0, 0.999466666666667, 1
1, 1664, 2, 0, 0, 1, 0.210933333333333, 1
1, 1665, 2, 0, 0, 1, 0.198133333333333, 1
1, 1666, 2, 0, 0, 1, 0.0713333333333333, 1
1, 1667, 2, 0, 0, 1, 0.8776, 1
1, 1668, 2, 0, 1, 0, 0.0281333333333333, 1
1, 1669, 2, 0, 0, 1, 0.0534666666666667, 1
1, 1670, 2, 0, 0, 1, 0.2448, 1
1, 1671, 2, 0, 0, 1, 0.185866666666667, 1
1, 1672, 2, 0, 0, 1, 0.2236, 1
1, 1673, 2, 0, 0, 1, 0.505333333333333, 1
1, 1674, 2, 0, 0, 1, 0.174933333333333, 1
1, 1675, 2, 0, 1, 0, 0.0144, 1
1, 1676, 2, 0, 0, 1, 0.2008, 1
1, 1677, 2, 0, 0, 1, 0.3508, 1
1, 1678, 2, 0, 0, 1, 0.843333333333333, 1
1, 1679, 2, 0, 0, 1, 0.540533333333333, 1
1, 1680, 2, 0, 0, 1, 0.123466666666667, 1
1, 1681, 2, 0, 0, 1, 0.552133333333333, 1
1, 1682, 2, 0, 1, 0, 0.0174666666666667, 1
1, 1683, 2, 0, 0, 1, 0.853466666666667, 1
1, 1684, 2, 0, 0, 1, 0.6928, 1
1, 1685, 2, 0, 0, 1, 0.627066666666667, 1
1, 1686, 2, 0, 0, 1, 0.211066666666667, 1
1, 1687, 2, 1, 0, 0, 0.9948, 1
1, 1688, 2, 0, 0, 1, 0.7112, 1
1, 1689, 2, 0, 0, 1, 0.641066666666667, 1
1, 1690, 2, 0, 0, 1, 0.5312, 1
1, 1691, 2, 0, 1, 0, 0.00533333333333333, 1
1, 1692, 2, 0, 0, 1, 0.428133333333333, 1
1, 1693, 2, 0, 0, 1, 0.308133333333333, 1
1, 1694, 2, 0, 0, 1, 0.188, 1
1, 1695, 2, 0, 0, 1, 0.358266666666667, 1
1, 1696, 2, 0, 0, 1, 0.834666666666667, 1
1, 1697, 2, 0, 0, 1, 0.629466666666667, 1
1, 1698, 2, 0, 0, 1, 0.445733333333333, 1
1, 1699, 2, 0, 0, 1, 0.523066666666667, 1
1, 1700, 2, 0, 0, 1, 0.0612, 1
1, 1701, 2, 1, 0, 0, 0.998133333333333, 1
1, 1702, 2, 1, 0, 0, 0.9952, 1
1, 1703, 2, 1, 0, 0, 0.9984, 1
1, 1704, 2, 1, 0, 0, 0.999866666666667, 1
1, 1705, 2, 1, 0, 0, 0.990533333333333, 1
1, 1706, 2, 1, 0, 0, 1, 1
1, 1707, 2, 1, 0, 0, 0.997066666666667, 1
1, 1708, 2, 1, 0, 0, 0.999066666666667, 1
1, 1709, 2, 1, 0, 0, 1, 1
1, 1710, 2, 1, 0, 0, 0.997866666666667, 1
1, 1711, 2, 1, 0, 0, 1, 1
1, 1712, 2, 1, 0, 0, 0.996933333333333, 1
1, 1713, 2, 1, 0, 0, 0.984133333333333, 1
1, 1714, 2, 1, 0, 0, 1, 1
1, 1715, 2, 1, 0, 0, 0.993466666666667, 1
1, 1716, 2, 1, 0, 0, 0.985066666666667, 1
1, 1717, 2, 1, 0, 0, 0.9968, 1
1, 1718, 2, 1, 0, 0, 0.9856, 1
1, 1719, 2, 1, 0, 0, 0.9936, 1
1, 1720, 2, 0, 0, 1, 0.974, 1
1, 1721, 2, 1, 0, 0, 0.999733333333333, 1
1, 1722, 2, 1, 0, 0, 0.995733333333333, 1
1, 1723, 2, 1, 0, 0, 0.996533333333333, 1
1, 1724, 2, 1, 0, 0, 0.999733333333333, 1
1, 1725, 2, 1, 0, 0, 0.999866666666667, 1
1, 1726, 2, 1, 0, 0, 0.997466666666667, 1
1, 1727, 2, 1, 0, 0, 0.976533333333333, 1
1, 1728, 2, 1, 0, 0, 1, 1
1, 1729, 2, 1, 0, 0, 1, 1
1, 1730, 2, 1, 0, 0, 0.999466666666667, 1
1, 1731, 2, 1, 0, 0, 0.996133333333333, 1
1, 1732, 2, 1, 0, 0, 0.999066666666667, 1
1, 1733, 2, 1, 0, 0, 0.996133333333333, 1
1, 1734, 2, 1, 0, 0, 0.999066666666667, 1
1, 1735, 2, 1, 0, 0, 0.9968, 1
1, 1736, 2, 1, 0, 0, 0.997466666666667, 1
1, 1737, 2, 1, 0, 0, 0.9956, 1
1, 1738, 2, 1, 0, 0, 0.999733333333333, 1
1, 1739, 2, 1, 0, 0, 0.997333333333333, 1
1, 1740, 2, 1, 0, 0, 1, 1
1, 1741, 2, 0, 0, 1, 0.966, 1
1, 1742, 2, 1, 0, 0, 0.990933333333333, 1
1, 1743, 2, 1, 0, 0, 1, 1
1, 1744, 2, 0, 0, 1, 0.930133333333333, 1
1, 1745, 2, 1, 0, 0, 1, 1
1, 1746, 2, 1, 0, 0, 1, 1
1, 1747, 2, 1, 0, 0, 0.999733333333333, 1
1, 1748, 2, 1, 0, 0, 0.992533333333333, 1
1, 1749, 2, 1, 0, 0, 0.997066666666667, 1
1, 1750, 2, 1, 0, 0, 0.995466666666667, 1
1, 1751, 2, 0, 0, 1, 0.950133333333333, 1
1, 1752, 2, 1, 0, 0, 0.993333333333333, 1
1, 1753, 2, 1, 0, 0, 0.992933333333333, 1
1, 1754, 2, 1, 0, 0, 0.995466666666667, 1
1, 1755, 2, 1, 0, 0, 0.999733333333333, 1
1, 1756, 2, 1, 0, 0, 0.996666666666667, 1
1, 1757, 2, 1, 0, 0, 0.9996, 1
1, 1758, 2, 1, 0, 0, 0.996266666666667, 1
1, 1759, 2, 1, 0, 0, 0.999733333333333, 1
1, 1760, 2, 1, 0, 0, 0.999466666666667, 1
1, 1761, 2, 1, 0, 0, 1, 1
1, 1762, 2, 1, 0, 0, 0.998666666666667, 1
1, 1763, 2, 1, 0, 0, 0.996533333333333, 1
1, 1764, 2, 1, 0, 0, 1, 1
1, 1765, 2, 1, 0, 0, 0.999466666666667, 1
1, 1766, 2, 1, 0, 0, 0.998266666666667, 1
1, 1767, 2, 1, 0, 0, 0.999733333333333, 1
1, 1768, 2, 1, 0, 0, 0.999866666666667, 1
1, 1769, 2, 1, 0, 0, 0.985866666666667, 1
1, 1770, 2, 1, 0, 0, 0.994666666666667, 1
1, 1771, 2, 1, 0, 0, 0.999466666666667, 1
1, 1772, 2, 1, 0, 0, 0.9992, 1
1, 1773, 2, 1, 0, 0, 1, 1
1, 1774, 2, 1, 0, 0, 0.999333333333333, 1
1, 1775, 2, 1, 0, 0, 0.9976, 1
1, 1776, 2, 1, 0, 0, 0.999866666666667, 1
1, 1777, 2, 1, 0, 0, 0.998266666666667, 1
1, 1778, 2, 1, 0, 0, 0.998666666666667, 1
1, 1779, 2, 1, 0, 0, 0.999466666666667, 1
1, 1780, 2, 1, 0, 0, 1, 1
1, 1781, 2, 1, 0, 0, 0.994933333333333, 1
1, 1782, 2, 1, 0, 0, 0.999733333333333, 1
1, 1783, 2, 1, 0, 0, 0.996133333333333, 1
1, 1784, 2, 1, 0, 0, 0.999866666666667, 1
1, 1785, 2, 1, 0, 0, 0.999333333333333, 1
1, 1786, 2, 1, 0, 0, 0.9884, 1
1, 1787, 2, 1, 0, 0, 0.9768, 1
1, 1788, 2, 1, 0, 0, 0.999333333333333, 1
1, 1789, 2, 1, 0, 0, 0.997733333333333, 1
1, 1790, 2, 1, 0, 0, 0.998133333333333, 1
1, 1791, 2, 1, 0, 0, 0.999466666666667, 1
1, 1792, 2, 1, 0, 0, 0.999866666666667, 1
1, 1793, 2, 1, 0, 0, 0.994133333333333, 1
1, 1794, 2, 0, 0, 1, 0.954666666666667, 1
1, 1795, 2, 1, 0, 0, 0.9992, 1
1, 1796, 2, 1, 0, 0, 0.999333333333333, 1
1, 1797, 2, 1, 0, 0, 0.999066666666667, 1
1, 1798, 2, 1, 0, 0, 0.989866666666667, 1
1, 1799, 2, 1, 0, 0, 1, 1
1, 1800, 2, 1, 0, 0, 0.994666666666667, 1
1, 1801, 2, 0, 0, 1, 0.266933333333333, 1
1, 1802, 2, 1, 0, 0, 0.995733333333333, 1
1, 1803, 2, 0, 0, 1, 0.407866666666667, 1
1, 1804, 2, 0, 0, 1, 0.365866666666667, 1
1, 1805, 2, 0, 0, 1, 0.3608, 1
1, 1806, 2, 0, 1, 0, 0.00786666666666667, 1
1, 1807, 2, 0, 0, 1, 0.0694666666666667, 1
1, 1808, 2, 0, 0, 1, 0.470933333333333, 1
1, 1809, 2, 0, 0, 1, 0.529066666666667, 1
1, 1810, 2, 0, 0, 1, 0.757733333333333, 1
1, 1811, 2, 0, 0, 1, 0.466933333333333, 1
1, 1812, 2, 0, 0, 1, 0.281733333333333, 1
1, 1813, 2, 0, 0, 1, 0.696533333333333, 1
1, 1814, 2, 0, 0, 1, 0.952133333333333, 1
1, 1815, 2, 0, 0, 1, 0.0781333333333333, 1
1, 1816, 2, 0, 0, 1, 0.222533333333333, 1
1, 1817, 2, 0, 0, 1, 0.242533333333333, 1
1, 1818, 2, 0, 0, 1, 0.648, 1
1, 1819, 2, 0, 0, 1, 0.6136, 1
1, 1820, 2, 0, 0, 1, 0.427066666666667, 1
1, 1821, 2, 0, 0, 1, 0.9636, 1
1, 1822, 2, 0, 0, 1, 0.344266666666667, 1
1, 1823, 2, 0, 0, 1, 0.852133333333333, 1
1, 1824, 2, 0, 0, 1, 0.536533333333333, 1
1, 1825, 2, 0, 0, 1, 0.5548, 1
1, 1826, 2, 0, 0, 1, 0.3216, 1
1, 1827, 2, 0, 0, 1, 0.133733333333333, 1
1, 1828, 2, 0, 0, 1, 0.0917333333333333, 1
1, 1829, 2, 0, 0, 1, 0.8852, 1
1, 1830, 2, 0, 0, 1, 0.583333333333333, 1
1, 1831, 2, 0, 0, 1, 0.750666666666667, 1
1, 1832, 2, 0, 0, 1, 0.786933333333333, 1
1, 1833, 2, 0, 0, 1, 0.469866666666667, 1
1, 1834, 2, 0, 0, 1, 0.969466666666667, 1
1, 1835, 2, 0, 0, 1, 0.767733333333333, 1
1, 1836, 2, 0, 0, 1, 0.262933333333333, 1
1, 1837, 2, 0, 0, 1, 0.853066666666667, 1
1, 1838, 2, 0, 0, 1, 0.532133333333333, 1
1, 1839, 2, 0, 0, 1, 0.512533333333333, 1
1, 1840, 2, 0, 0, 1, 0.138133333333333, 1
1, 1841, 2, 1, 0, 0, 0.991866666666667, 1
1, 1842, 2, 0, 0, 1, 0.6596, 1
1, 1843, 2, 0, 1, 0, 0.0226666666666667, 1
1, 1844, 2, 0, 0, 1, 0.763333333333333, 1
1, 1845, 2, 0, 0, 1, 0.585866666666667, 1
1, 1846, 2, 0, 0, 1, 0.156533333333333, 1
1, 1847, 2, 0, 0, 1, 0.6712, 1
1, 1848, 2, 0, 0, 1, 0.270533333333333, 1
1, 1849, 2, 0, 0, 1, 0.484933333333333, 1
1, 1850, 2, 0, 0, 1, 0.692533333333333, 1
1, 1851, 2, 0, 0, 1, 0.435733333333333, 1
1, 1852, 2, 0, 0, 1, 0.8792, 1
1, 1853, 2, 0, 0, 1, 0.647333333333333, 1
1, 1854, 2, 1, 0, 0, 0.99, 1
1, 1855, 2, 0, 0, 1, 0.944933333333333, 1
1, 1856, 2, 0, 0, 1, 0.9264, 1
1, 1857, 2, 0, 0, 1, 0.911866666666667, 1
1, 1858, 2, 0, 0, 1, 0.6992, 1
1, 1859, 2, 0, 0, 1, 0.597333333333333, 1
1, 1860, 2, 0, 0, 1, 0.5624, 1
1, 1861, 2, 0, 0, 1, 0.637466666666667, 1
1, 1862, 2, 0, 0, 1, 0.240266666666667, 1
1, 1863, 2, 0, 0, 1, 0.942533333333333, 1
1, 1864, 2, 0, 0, 1, 0.744133333333333, 1
1, 1865, 2, 0, 0, 1, 0.5996, 1
1, 1866, 2, 0, 0, 1, 0.905466666666667, 1
1, 1867, 2, 0, 0, 1, 0.4096, 1
1, 1868, 2, 0, 0, 1, 0.702533333333333, 1
1, 1869, 2, 0, 0, 1, 0.356933333333333, 1
1, 1870, 2, 0, 0, 1, 0.0874666666666667, 1
1, 1871, 2, 0, 0, 1, 0.6752, 1
1, 1872, 2, 0, 0, 1, 0.207466666666667, 1
1, 1873, 2, 0, 0, 1, 0.0596, 1
1, 1874, 2, 0, 0, 1, 0.9468, 1
1, 1875, 2, 0, 0, 1, 0.169733333333333, 1
1, 1876, 2, 0, 0, 1, 0.485866666666667, 1
1, 1877, 2, 0, 0, 1, 0.637866666666667, 1
1, 1878, 2, 0, 0, 1, 0.523866666666667, 1
1, 1879, 2, 0, 0, 1, 0.839066666666667, 1
1, 1880, 2, 0, 0, 1, 0.8176, 1
1, 1881, 2, 0, 0, 1, 0.8044, 1
1, 1882, 2, 0, 0, 1, 0.9144, 1
1, 1883, 2, 0, 0, 1, 0.206266666666667, 1
1, 1884, 2, 0, 0, 1, 0.537066666666667, 1
1, 1885, 2, 0, 0, 1, 0.742133333333333, 1
1, 1886, 2, 0, 0, 1, 0.546933333333333, 1
1, 1887, 2, 0, 1, 0, 0.0453333333333333, 1
1, 1888, 2, 0, 0, 1, 0.205733333333333, 1
1, 1889, 2, 0, 0, 1, 0.25, 1
1, 1890, 2, 0, 0, 1, 0.331466666666667, 1
1, 1891, 2, 0, 0, 1, 0.586133333333333, 1
1, 1892, 2, 0, 0, 1, 0.729066666666667, 1
1, 1893, 2, 0, 0, 1, 0.2424, 1
1, 1894, 2, 0, 0, 1, 0.860533333333333, 1
1, 1895, 2, 0, 0, 1, 0.889333333333333, 1
1, 1896, 2, 0, 0, 1, 0.602933333333333, 1
1, 1897, 2, 0, 0, 1, 0.9372, 1
1, 1898, 2, 0, 0, 1, 0.5024, 1
1, 1899, 2, 0, 0, 1, 0.387866666666667, 1
1, 1900, 2, 0, 0, 1, 0.149466666666667, 1
1, 1901, 2, 1, 0, 0, 1, 1
1, 1902, 2, 0, 0, 1, 0.927733333333333, 1
1, 1903, 2, 1, 0, 0, 0.9996, 1
1, 1904, 2, 1, 0, 0, 0.999333333333333, 1
1, 1905, 2, 1, 0, 0, 0.996, 1
1, 1906, 2, 1, 0, 0, 0.999866666666667, 1
1, 1907, 2, 1, 0, 0, 0.998266666666667, 1
1, 1908, 2, 1, 0, 0, 0.980933333333333, 1
1, 1909, 2, 1, 0, 0, 0.999066666666667, 1
1, 1910, 2, 1, 0, 0, 0.9996, 1
1, 1911, 2, 1, 0, 0, 0.993466666666667, 1
1, 1912, 2, 1, 0, 0, 0.999733333333333, 1
1, 1913, 2, 1, 0, 0, 0.999466666666667, 1
1, 1914, 2, 1, 0, 0, 0.992133333333333, 1
1, 1915, 2, 1, 0, 0, 1, 1
1, 1916, 2, 1, 0, 0, 0.999866666666667, 1
1, 1917, 2, 0, 0, 1, 0.962, 1
1, 1918, 2, 0, 0, 1, 0.9592, 1
1, 1919, 2, 1, 0, 0, 0.994933333333333, 1
1, 1920, 2, 0, 0, 1, 0.9376, 1
1, 1921, 2, 1, 0, 0, 0.993066666666667, 1
1, 1922, 2, 1, 0, 0, 0.9924, 1
1, 1923, 2, 1, 0, 0, 0.997733333333333, 1
1, 1924, 2, 1, 0, 0, 1, 1
1, 1925, 2, 1, 0, 0, 0.999866666666667, 1
1, 1926, 2, 1, 0, 0, 0.9996, 1
1, 1927, 2, 1, 0, 0, 0.999733333333333, 1
1, 1928, 2, 1, 0, 0, 0.9964, 1
1, 1929, 2, 1, 0, 0, 0.990533333333333, 1
1, 1930, 2, 1, 0, 0, 0.999733333333333, 1
1, 1931, 2, 1, 0, 0, 0.999466666666667, 1
1, 1932, 2, 1, 0, 0, 0.9924, 1
1, 1933, 2, 1, 0, 0, 0.999866666666667, 1
1, 1934, 2, 1, 0, 0, 0.998933333333333, 1
1, 1935, 2, 1, 0, 0, 1, 1
1, 1936, 2, 0, 0, 1, 0.9536, 1
1, 1937, 2, 1, 0, 0, 1, 1
1, 1938, 2, 1, 0, 0, 0.998933333333333, 1
1, 1939, 2, 1, 0, 0, 0.995466666666667, 1
1, 1940, 2, 1, 0, 0, 0.995466666666667, 1
1, 1941, 2, 1, 0, 0, 0.990266666666667, 1
1, 1942, 2, 1, 0, 0, 0.999866666666667, 1
1, 1943, 2, 1, 0, 0, 0.999733333333333, 1
1, 1944, 2, 1, 0, 0, 0.985333333333333, 1
1, 1945, 2, 1, 0, 0, 0.983066666666667, 1
1, 1946, 2, 1, 0, 0, 0.999733333333333, 1
1, 1947, 2, 1, 0, 0, 0.999466666666667, 1
1, 1948, 2, 1, 0, 0, 0.999333333333333, 1
1, 1949, 2, 1, 0, 0, 0.9988, 1
1, 1950, 2, 0, 0, 1, 0.970666666666667, 1
1, 1951, 2, 1, 0, 0, 0.999066666666667, 1
1, 1952, 2, 1, 0, 0, 0.9976, 1
1, 1953, 2, 1, 0, 0, 0.9936, 1
1, 1954, 2, 1, 0, 0, 0.988266666666667, 1
1, 1955, 2, 1, 0, 0, 0.996933333333333, 1
1, 1956, 2, 1, 0, 0, 0.9996, 1
1, 1957, 2, 1, 0, 0, 0.9984, 1
1, 1958, 2, 1, 0, 0, 0.999866666666667, 1
1, 1959, 2, 1, 0, 0, 0.9992, 1
1, 1960, 2, 1, 0, 0, 0.99, 1
1, 1961, 2, 1, 0, 0, 0.9996, 1
1, 1962, 2, 1, 0, 0, 0.9936, 1
1, 1963, 2, 0, 0, 1, 0.796933333333333, 1
1, 1964, 2, 1, 0, 0, 0.999866666666667, 1
1, 1965, 2, 1, 0, 0, 0.999866666666667, 1
1, 1966, 2, 1, 0, 0, 1, 1
1, 1967, 2, 1, 0, 0, 1, 1
1, 1968, 2, 1, 0, 0, 0.9992, 1
1, 1969, 2, 1, 0, 0, 0.996266666666667, 1
1, 1970, 2, 1, 0, 0, 0.983733333333333, 1
1, 1971, 2, 1, 0, 0, 0.995066666666667, 1
1, 1972, 2, 1, 0, 0, 0.9956, 1
1, 1973, 2, 1, 0, 0, 0.993466666666667, 1
1, 1974, 2, 1, 0, 0, 0.9976, 1
1, 1975, 2, 1, 0, 0, 1, 1
1, 1976, 2, 1, 0, 0, 0.989066666666667, 1
1, 1977, 2, 1, 0, 0, 0.999333333333333, 1
1, 1978, 2, 1, 0, 0, 0.998133333333333, 1
1, 1979, 2, 1, 0, 0, 0.999466666666667, 1
1, 1980, 2, 1, 0, 0, 0.996533333333333, 1
1, 1981, 2, 1, 0, 0, 0.999333333333333, 1
1, 1982, 2, 1, 0, 0, 0.999466666666667, 1
1, 1983, 2, 1, 0, 0, 0.9944, 1
1, 1984, 2, 1, 0, 0, 1, 1
1, 1985, 2, 1, 0, 0, 0.9976, 1
1, 1986, 2, 1, 0, 0, 0.997866666666667, 1
1, 1987, 2, 1, 0, 0, 1, 1
1, 1988, 2, 1, 0, 0, 0.999333333333333, 1
1, 1989, 2, 1, 0, 0, 1, 1
1, 1990, 2, 1, 0, 0, 0.9968, 1
1, 1991, 2, 1, 0, 0, 1, 1
1, 1992, 2, 1, 0, 0, 0.999866666666667, 1
1, 1993, 2, 1, 0, 0, 0.999866666666667, 1
1, 1994, 2, 1, 0, 0, 0.997066666666667, 1
1, 1995, 2, 1, 0, 0, 0.992, 1
1, 1996, 2, 1, 0, 0, 0.999333333333333, 1
1, 1997, 2, 1, 0, 0, 0.9996, 1
1, 1998, 2, 1, 0, 0, 0.995466666666667, 1
1, 1999, 2, 1, 0, 0, 0.9992, 1
1, 2000, 2, 1, 0, 0, 0.994933333333333, 1
